[{"model": "admin.logentry", "pk": 1, "fields": {"action_time": "2022-11-10T19:18:01.463Z", "user": 1, "content_type": 7, "object_id": "1", "object_repr": "Английский", "action_flag": 1, "change_message": "[{\"added\": {}}]"}}, {"model": "admin.logentry", "pk": 2, "fields": {"action_time": "2022-11-10T19:18:14.043Z", "user": 1, "content_type": 7, "object_id": "2", "object_repr": "Русский", "action_flag": 1, "change_message": "[{\"added\": {}}]"}}, {"model": "admin.logentry", "pk": 3, "fields": {"action_time": "2022-11-10T19:18:25.620Z", "user": 1, "content_type": 7, "object_id": "3", "object_repr": "Грузинский", "action_flag": 1, "change_message": "[{\"added\": {}}]"}}, {"model": "admin.logentry", "pk": 4, "fields": {"action_time": "2022-11-21T19:27:47.586Z", "user": 1, "content_type": 9, "object_id": "23", "object_repr": "123 (Русский) - 123 (Английский)", "action_flag": 3, "change_message": ""}}, {"model": "admin.logentry", "pk": 5, "fields": {"action_time": "2022-11-21T19:28:00.376Z", "user": 1, "content_type": 8, "object_id": "46", "object_repr": "123 (Английский)", "action_flag": 3, "change_message": ""}}, {"model": "admin.logentry", "pk": 6, "fields": {"action_time": "2022-11-21T19:28:00.390Z", "user": 1, "content_type": 8, "object_id": "45", "object_repr": "123 (Русский)", "action_flag": 3, "change_message": ""}}, {"model": "admin.logentry", "pk": 7, "fields": {"action_time": "2023-01-05T16:20:26.399Z", "user": 1, "content_type": 12, "object_id": "1", "object_repr": "UserProfile object (1)", "action_flag": 1, "change_message": "[{\"added\": {}}]"}}, {"model": "admin.logentry", "pk": 8, "fields": {"action_time": "2023-01-05T16:20:30.574Z", "user": 1, "content_type": 12, "object_id": "2", "object_repr": "UserProfile object (2)", "action_flag": 1, "change_message": "[{\"added\": {}}]"}}, {"model": "auth.permission", "pk": 1, "fields": {"name": "Can add log entry", "content_type": 1, "codename": "add_logentry"}}, {"model": "auth.permission", "pk": 2, "fields": {"name": "Can change log entry", "content_type": 1, "codename": "change_logentry"}}, {"model": "auth.permission", "pk": 3, "fields": {"name": "Can delete log entry", "content_type": 1, "codename": "delete_logentry"}}, {"model": "auth.permission", "pk": 4, "fields": {"name": "Can view log entry", "content_type": 1, "codename": "view_logentry"}}, {"model": "auth.permission", "pk": 5, "fields": {"name": "Can add permission", "content_type": 2, "codename": "add_permission"}}, {"model": "auth.permission", "pk": 6, "fields": {"name": "Can change permission", "content_type": 2, "codename": "change_permission"}}, {"model": "auth.permission", "pk": 7, "fields": {"name": "Can delete permission", "content_type": 2, "codename": "delete_permission"}}, {"model": "auth.permission", "pk": 8, "fields": {"name": "Can view permission", "content_type": 2, "codename": "view_permission"}}, {"model": "auth.permission", "pk": 9, "fields": {"name": "Can add group", "content_type": 3, "codename": "add_group"}}, {"model": "auth.permission", "pk": 10, "fields": {"name": "Can change group", "content_type": 3, "codename": "change_group"}}, {"model": "auth.permission", "pk": 11, "fields": {"name": "Can delete group", "content_type": 3, "codename": "delete_group"}}, {"model": "auth.permission", "pk": 12, "fields": {"name": "Can view group", "content_type": 3, "codename": "view_group"}}, {"model": "auth.permission", "pk": 13, "fields": {"name": "Can add user", "content_type": 4, "codename": "add_user"}}, {"model": "auth.permission", "pk": 14, "fields": {"name": "Can change user", "content_type": 4, "codename": "change_user"}}, {"model": "auth.permission", "pk": 15, "fields": {"name": "Can delete user", "content_type": 4, "codename": "delete_user"}}, {"model": "auth.permission", "pk": 16, "fields": {"name": "Can view user", "content_type": 4, "codename": "view_user"}}, {"model": "auth.permission", "pk": 17, "fields": {"name": "Can add content type", "content_type": 5, "codename": "add_contenttype"}}, {"model": "auth.permission", "pk": 18, "fields": {"name": "Can change content type", "content_type": 5, "codename": "change_contenttype"}}, {"model": "auth.permission", "pk": 19, "fields": {"name": "Can delete content type", "content_type": 5, "codename": "delete_contenttype"}}, {"model": "auth.permission", "pk": 20, "fields": {"name": "Can view content type", "content_type": 5, "codename": "view_contenttype"}}, {"model": "auth.permission", "pk": 21, "fields": {"name": "Can add session", "content_type": 6, "codename": "add_session"}}, {"model": "auth.permission", "pk": 22, "fields": {"name": "Can change session", "content_type": 6, "codename": "change_session"}}, {"model": "auth.permission", "pk": 23, "fields": {"name": "Can delete session", "content_type": 6, "codename": "delete_session"}}, {"model": "auth.permission", "pk": 24, "fields": {"name": "Can view session", "content_type": 6, "codename": "view_session"}}, {"model": "auth.permission", "pk": 25, "fields": {"name": "Can add язык", "content_type": 7, "codename": "add_language"}}, {"model": "auth.permission", "pk": 26, "fields": {"name": "Can change язык", "content_type": 7, "codename": "change_language"}}, {"model": "auth.permission", "pk": 27, "fields": {"name": "Can delete язык", "content_type": 7, "codename": "delete_language"}}, {"model": "auth.permission", "pk": 28, "fields": {"name": "Can view язык", "content_type": 7, "codename": "view_language"}}, {"model": "auth.permission", "pk": 29, "fields": {"name": "Can add cлово", "content_type": 8, "codename": "add_word"}}, {"model": "auth.permission", "pk": 30, "fields": {"name": "Can change cлово", "content_type": 8, "codename": "change_word"}}, {"model": "auth.permission", "pk": 31, "fields": {"name": "Can delete cлово", "content_type": 8, "codename": "delete_word"}}, {"model": "auth.permission", "pk": 32, "fields": {"name": "Can view cлово", "content_type": 8, "codename": "view_word"}}, {"model": "auth.permission", "pk": 33, "fields": {"name": "Can add карточка", "content_type": 9, "codename": "add_wordcard"}}, {"model": "auth.permission", "pk": 34, "fields": {"name": "Can change карточка", "content_type": 9, "codename": "change_wordcard"}}, {"model": "auth.permission", "pk": 35, "fields": {"name": "Can delete карточка", "content_type": 9, "codename": "delete_wordcard"}}, {"model": "auth.permission", "pk": 36, "fields": {"name": "Can view карточка", "content_type": 9, "codename": "view_wordcard"}}, {"model": "auth.permission", "pk": 37, "fields": {"name": "Can add подборка", "content_type": 10, "codename": "add_cardgroup"}}, {"model": "auth.permission", "pk": 38, "fields": {"name": "Can change подборка", "content_type": 10, "codename": "change_cardgroup"}}, {"model": "auth.permission", "pk": 39, "fields": {"name": "Can delete подборка", "content_type": 10, "codename": "delete_cardgroup"}}, {"model": "auth.permission", "pk": 40, "fields": {"name": "Can view подборка", "content_type": 10, "codename": "view_cardgroup"}}, {"model": "auth.permission", "pk": 41, "fields": {"name": "Can add Прогресс", "content_type": 11, "codename": "add_wordcardprogress"}}, {"model": "auth.permission", "pk": 42, "fields": {"name": "Can change Прогресс", "content_type": 11, "codename": "change_wordcardprogress"}}, {"model": "auth.permission", "pk": 43, "fields": {"name": "Can delete Прогресс", "content_type": 11, "codename": "delete_wordcardprogress"}}, {"model": "auth.permission", "pk": 44, "fields": {"name": "Can view Прогресс", "content_type": 11, "codename": "view_wordcardprogress"}}, {"model": "auth.permission", "pk": 45, "fields": {"name": "Can add user profile", "content_type": 12, "codename": "add_userprofile"}}, {"model": "auth.permission", "pk": 46, "fields": {"name": "Can change user profile", "content_type": 12, "codename": "change_userprofile"}}, {"model": "auth.permission", "pk": 47, "fields": {"name": "Can delete user profile", "content_type": 12, "codename": "delete_userprofile"}}, {"model": "auth.permission", "pk": 48, "fields": {"name": "Can view user profile", "content_type": 12, "codename": "view_userprofile"}}, {"model": "auth.user", "pk": 1, "fields": {"password": "pbkdf2_sha256$390000$7YhCNyxvt8FbO3PGrOPgxc$h5bU0L6auQfLXM2/jz5JTmFuJ3W4dXq1Gffm1cxRLD8=", "last_login": "2023-01-16T16:17:16.534Z", "is_superuser": true, "username": "aidev", "first_name": "", "last_name": "", "email": "developer328555@gmail.com", "is_staff": true, "is_active": true, "date_joined": "2022-11-10T18:44:29.634Z", "groups": [], "user_permissions": []}}, {"model": "auth.user", "pk": 2, "fields": {"password": "pbkdf2_sha256$390000$vCYnnJX1y5esBa2tapJPmI$6YOdBNh9tlBYoXLZwnw8Jotmrp7cpzu9bWVR3pDLt/c=", "last_login": "2023-01-05T15:10:49.179Z", "is_superuser": true, "username": "carolus", "first_name": "", "last_name": "", "email": "", "is_staff": true, "is_active": true, "date_joined": "2022-11-10T18:44:59.869Z", "groups": [], "user_permissions": []}}, {"model": "contenttypes.contenttype", "pk": 1, "fields": {"app_label": "admin", "model": "logentry"}}, {"model": "contenttypes.contenttype", "pk": 2, "fields": {"app_label": "auth", "model": "permission"}}, {"model": "contenttypes.contenttype", "pk": 3, "fields": {"app_label": "auth", "model": "group"}}, {"model": "contenttypes.contenttype", "pk": 4, "fields": {"app_label": "auth", "model": "user"}}, {"model": "contenttypes.contenttype", "pk": 5, "fields": {"app_label": "contenttypes", "model": "contenttype"}}, {"model": "contenttypes.contenttype", "pk": 6, "fields": {"app_label": "sessions", "model": "session"}}, {"model": "contenttypes.contenttype", "pk": 7, "fields": {"app_label": "dictionary", "model": "language"}}, {"model": "contenttypes.contenttype", "pk": 8, "fields": {"app_label": "dictionary", "model": "word"}}, {"model": "contenttypes.contenttype", "pk": 9, "fields": {"app_label": "dictionary", "model": "wordcard"}}, {"model": "contenttypes.contenttype", "pk": 10, "fields": {"app_label": "dictionary", "model": "cardgroup"}}, {"model": "contenttypes.contenttype", "pk": 11, "fields": {"app_label": "dictionary", "model": "wordcardprogress"}}, {"model": "contenttypes.contenttype", "pk": 12, "fields": {"app_label": "dictionary", "model": "userprofile"}}, {"model": "sessions.session", "pk": "7nknwx74j754xbed9mx3tjqxzwzq71bo", "fields": {"session_data": ".eJxVjMsOwiAQRf-FtSG8QZfu-w1kBgapGkhKuzL-uzbpQrf3nHNfLMK21rgNWuKc2YVJdvrdENKD2g7yHdqt89TbuszId4UfdPCpZ3peD_fvoMKo3xqLLc5ScE6BR_KohEYvTXDgLJIlYQqdBaRQZBAJsy4gjCKphE1ea_b-AO-tN_U:1otCY0:4LdkCkL8PSOslS9ctua4tCsrnGATqcCno5j9ncTuEOM", "expire_date": "2022-11-24T18:45:08.955Z"}}, {"model": "sessions.session", "pk": "7vxnbd07nqqi46n54y58d6cr0vqfthni", "fields": {"session_data": ".eJxVjMsOwiAQRf-FtSG8QZfu-w1kBgapGkhKuzL-uzbpQrf3nHNfLMK21rgNWuKc2YVJdvrdENKD2g7yHdqt89TbuszId4UfdPCpZ3peD_fvoMKo3xqLLc5ScE6BR_KohEYvTXDgLJIlYQqdBaRQZBAJsy4gjCKphE1ea_b-AO-tN_U:1pHSAe:_4T5hN2RGYac0jJPp563Tyh097BaQ7y4J619u-JQdvk", "expire_date": "2023-01-30T16:17:16.540Z"}}, {"model": "sessions.session", "pk": "8nzn2j60xucwn0w6dqumsbji5kh5t8mm", "fields": {"session_data": ".eJxVjMsOwiAQAP-FsyHt8ih49N5vILuwSNXQpLQn478bkh70OjOZtwh47CUcjbewJHEVo7j8MsL45NpFemC9rzKudd8Wkj2Rp21yXhO_bmf7NyjYSt86Aj8p8C7npAmMY8gxO0uTItCZFCrtjYuGhyFZhRa9weS1Zg-sR_H5At2CN7Y:1p8hWn:FQBrLpH_5FQU_x_M8zAo6kqvMwP_G_Qk6tOJfNstIWM", "expire_date": "2023-01-06T12:51:57.445Z"}}, {"model": "sessions.session", "pk": "8tb12twpm6xg9caoua1xjqs0simpzpb6", "fields": {"session_data": ".eJxVjMsOwiAQRf-FtSG8QZfu-w1kBgapGkhKuzL-uzbpQrf3nHNfLMK21rgNWuKc2YVJdvrdENKD2g7yHdqt89TbuszId4UfdPCpZ3peD_fvoMKo3xqLLc5ScE6BR_KohEYvTXDgLJIlYQqdBaRQZBAJsy4gjCKphE1ea_b-AO-tN_U:1otubt:2mkK60ZXjCBuNEQTJIbQGDRBEzJ1JpNVR5_2MDjSq1w", "expire_date": "2022-11-26T17:48:05.728Z"}}, {"model": "sessions.session", "pk": "924i4pafbvysd0lvjq0kvh759le2rmyo", "fields": {"session_data": ".eJxVjDsOwjAQBe_iGlmJ119Kes5grb1rHECOFCcV4u4QKQW0b2beS0Tc1hq3zkucSJyFEqffLWF-cNsB3bHdZpnnti5TkrsiD9rldSZ-Xg7376Bir9-a7eDZhQJa8ZCK0eCDNo44pBHBeO0KYmJUBDYAOFIWgLPN1pswahLvD9rVN40:1oto63:bboFuV577zbr8BC0Lskn5OxeIhddV_yi4qOScDQk8YM", "expire_date": "2022-11-26T10:50:47.107Z"}}, {"model": "sessions.session", "pk": "ego1e76qpceg39gj4urejxlv2tkn89zf", "fields": {"session_data": ".eJxVjMsOwiAQRf-FtSG8QZfu-w1kBgapGkhKuzL-uzbpQrf3nHNfLMK21rgNWuKc2YVJdvrdENKD2g7yHdqt89TbuszId4UfdPCpZ3peD_fvoMKo3xqLLc5ScE6BR_KohEYvTXDgLJIlYQqdBaRQZBAJsy4gjCKphE1ea_b-AO-tN_U:1otDDs:WXss1J6LiWRsRMLn27TAyJsT40h5DDkcEjaCEKaQgAo", "expire_date": "2022-11-24T19:28:24.801Z"}}, {"model": "sessions.session", "pk": "jhqnvnow8vdsl1umezo2wi8zkeu6uikd", "fields": {"session_data": ".eJxVjMsOwiAQRf-FtSG8QZfu-w1kBgapGkhKuzL-uzbpQrf3nHNfLMK21rgNWuKc2YVJdvrdENKD2g7yHdqt89TbuszId4UfdPCpZ3peD_fvoMKo3xqLLc5ScE6BR_KohEYvTXDgLJIlYQqdBaRQZBAJsy4gjCKphE1ea_b-AO-tN_U:1pDSyJ:eI3BeZgfv8Iccrc1knd7iunr9hUSXk1k8mkWHz6IrIM", "expire_date": "2023-01-19T16:20:03.971Z"}}, {"model": "sessions.session", "pk": "kfqrvha5th55vbsjldf3uagd966clltt", "fields": {"session_data": ".eJxVjMsOwiAQRf-FtSG8QZfu-w1kBgapGkhKuzL-uzbpQrf3nHNfLMK21rgNWuKc2YVJdvrdENKD2g7yHdqt89TbuszId4UfdPCpZ3peD_fvoMKo3xqLLc5ScE6BR_KohEYvTXDgLJIlYQqdBaRQZBAJsy4gjCKphE1ea_b-AO-tN_U:1pDQw2:MWEGjlR1-nGOHSERaJ8SkFNVFo2Tfu0Nvi-cjeASoBQ", "expire_date": "2023-01-19T14:09:34.965Z"}}, {"model": "sessions.session", "pk": "rtvu9t4nl5lnnvepijudunf385b59t5e", "fields": {"session_data": ".eJxVjDsOwjAQBe_iGlmJ119Kes5grb1rHECOFCcV4u4QKQW0b2beS0Tc1hq3zkucSJyFEqffLWF-cNsB3bHdZpnnti5TkrsiD9rldSZ-Xg7376Bir9-a7eDZhQJa8ZCK0eCDNo44pBHBeO0KYmJUBDYAOFIWgLPN1pswahLvD9rVN40:1pDRtJ:g13_iv3KxNQ2XqleG1thWrX7l6Y_pOIP3jveU8POvXs", "expire_date": "2023-01-19T15:10:49.185Z"}}, {"model": "sessions.session", "pk": "xxxdfqmgk3zz0il15oj5mz5in5e2clti", "fields": {"session_data": ".eJxVjMsOwiAQRf-FtSG8QZfu-w1kBgapGkhKuzL-uzbpQrf3nHNfLMK21rgNWuKc2YVJdvrdENKD2g7yHdqt89TbuszId4UfdPCpZ3peD_fvoMKo3xqLLc5ScE6BR_KohEYvTXDgLJIlYQqdBaRQZBAJsy4gjCKphE1ea_b-AO-tN_U:1pEd7T:a2L3U7xUsMMIII3a4bGbh82Z2nT8gnAaBr1FrrLMWbs", "expire_date": "2023-01-22T21:22:19.265Z"}}, {"model": "dictionary.language", "pk": 1, "fields": {"name": "Русский", "flag_code": "ru", "emoji": ""}}, {"model": "dictionary.language", "pk": 2, "fields": {"name": "Английский", "flag_code": "gb", "emoji": ""}}, {"model": "dictionary.language", "pk": 3, "fields": {"name": "Грузинский", "flag_code": "ge", "emoji": ""}}, {"model": "dictionary.word", "pk": 1, "fields": {"text": "roommate", "language": 2}}, {"model": "dictionary.word", "pk": 2, "fields": {"text": "сосед по комнате", "language": 1}}, {"model": "dictionary.word", "pk": 3, "fields": {"text": "to get a grip", "language": 2}}, {"model": "dictionary.word", "pk": 4, "fields": {"text": "собраться", "language": 1}}, {"model": "dictionary.word", "pk": 5, "fields": {"text": "reassurance", "language": 2}}, {"model": "dictionary.word", "pk": 6, "fields": {"text": "заверение", "language": 1}}, {"model": "dictionary.word", "pk": 7, "fields": {"text": "spork", "language": 2}}, {"model": "dictionary.word", "pk": 8, "fields": {"text": "ложка-вилка", "language": 1}}, {"model": "dictionary.word", "pk": 9, "fields": {"text": "persuasion", "language": 2}}, {"model": "dictionary.word", "pk": 10, "fields": {"text": "убеждение", "language": 1}}, {"model": "dictionary.word", "pk": 11, "fields": {"text": "anyhow", "language": 2}}, {"model": "dictionary.word", "pk": 12, "fields": {"text": "как угодно", "language": 1}}, {"model": "dictionary.word", "pk": 13, "fields": {"text": "tan", "language": 2}}, {"model": "dictionary.word", "pk": 14, "fields": {"text": "загар", "language": 1}}, {"model": "dictionary.word", "pk": 15, "fields": {"text": "spray tan", "language": 2}}, {"model": "dictionary.word", "pk": 16, "fields": {"text": "автозагар", "language": 1}}, {"model": "dictionary.word", "pk": 17, "fields": {"text": "to commemorate", "language": 2}}, {"model": "dictionary.word", "pk": 18, "fields": {"text": "отмечать", "language": 1}}, {"model": "dictionary.word", "pk": 19, "fields": {"text": "frankly speaking", "language": 2}}, {"model": "dictionary.word", "pk": 20, "fields": {"text": "честно говоря", "language": 1}}, {"model": "dictionary.word", "pk": 21, "fields": {"text": "errant", "language": 2}}, {"model": "dictionary.word", "pk": 22, "fields": {"text": "блуждающий", "language": 1}}, {"model": "dictionary.word", "pk": 23, "fields": {"text": "გამარჯობა", "language": 3}}, {"model": "dictionary.word", "pk": 24, "fields": {"text": "здравствуйте", "language": 1}}, {"model": "dictionary.word", "pk": 25, "fields": {"text": "მადლობა", "language": 3}}, {"model": "dictionary.word", "pk": 26, "fields": {"text": "спасибо", "language": 1}}, {"model": "dictionary.word", "pk": 27, "fields": {"text": "დიდი", "language": 3}}, {"model": "dictionary.word", "pk": 28, "fields": {"text": "большой", "language": 1}}, {"model": "dictionary.word", "pk": 29, "fields": {"text": "ნახვამდის", "language": 3}}, {"model": "dictionary.word", "pk": 30, "fields": {"text": "до свидания", "language": 1}}, {"model": "dictionary.word", "pk": 31, "fields": {"text": "არაფრის", "language": 3}}, {"model": "dictionary.word", "pk": 32, "fields": {"text": "не стоит благодарности", "language": 1}}, {"model": "dictionary.word", "pk": 33, "fields": {"text": "რუსული ითსით", "language": 3}}, {"model": "dictionary.word", "pk": 34, "fields": {"text": "по-русски", "language": 1}}, {"model": "dictionary.word", "pk": 35, "fields": {"text": "მე არ ვიცი ქართული", "language": 3}}, {"model": "dictionary.word", "pk": 36, "fields": {"text": "я не понимаю по-грузински", "language": 1}}, {"model": "dictionary.word", "pk": 37, "fields": {"text": "ქუჩა", "language": 3}}, {"model": "dictionary.word", "pk": 38, "fields": {"text": "улица", "language": 1}}, {"model": "dictionary.word", "pk": 39, "fields": {"text": "ოცდათორმეტი", "language": 3}}, {"model": "dictionary.word", "pk": 40, "fields": {"text": "32", "language": 1}}, {"model": "dictionary.word", "pk": 41, "fields": {"text": "სახლი", "language": 3}}, {"model": "dictionary.word", "pk": 42, "fields": {"text": "дом", "language": 1}}, {"model": "dictionary.word", "pk": 43, "fields": {"text": "ბოდიში", "language": 3}}, {"model": "dictionary.word", "pk": 44, "fields": {"text": "извините", "language": 1}}, {"model": "dictionary.word", "pk": 47, "fields": {"text": "density", "language": 2}}, {"model": "dictionary.word", "pk": 48, "fields": {"text": "плотность", "language": 1}}, {"model": "dictionary.word", "pk": 49, "fields": {"text": "embed", "language": 2}}, {"model": "dictionary.word", "pk": 51, "fields": {"text": "patio", "language": 2}}, {"model": "dictionary.word", "pk": 52, "fields": {"text": "дворик", "language": 1}}, {"model": "dictionary.word", "pk": 53, "fields": {"text": "disciple", "language": 2}}, {"model": "dictionary.word", "pk": 54, "fields": {"text": "последователь", "language": 1}}, {"model": "dictionary.word", "pk": 55, "fields": {"text": "syllabus", "language": 2}}, {"model": "dictionary.word", "pk": 56, "fields": {"text": "расписание", "language": 1}}, {"model": "dictionary.word", "pk": 57, "fields": {"text": "embarrass", "language": 2}}, {"model": "dictionary.word", "pk": 58, "fields": {"text": "смущать", "language": 1}}, {"model": "dictionary.word", "pk": 59, "fields": {"text": "extinct", "language": 2}}, {"model": "dictionary.word", "pk": 60, "fields": {"text": "вымирать", "language": 2}}, {"model": "dictionary.word", "pk": 61, "fields": {"text": "test", "language": 3}}, {"model": "dictionary.word", "pk": 63, "fields": {"text": "test2", "language": 3}}, {"model": "dictionary.word", "pk": 66, "fields": {"text": "1234", "language": 2}}, {"model": "dictionary.word", "pk": 67, "fields": {"text": "test", "language": 1}}, {"model": "dictionary.word", "pk": 68, "fields": {"text": "123", "language": 1}}, {"model": "dictionary.wordcard", "pk": 1, "fields": {"word": 1, "translation": 2, "description": null, "example": null, "owner": null, "is_public": true}}, {"model": "dictionary.wordcard", "pk": 2, "fields": {"word": 3, "translation": 4, "description": "Control oneself. Cool their temper.", "example": null, "owner": null, "is_public": true}}, {"model": "dictionary.wordcard", "pk": 3, "fields": {"word": 5, "translation": 6, "description": null, "example": null, "owner": null, "is_public": true}}, {"model": "dictionary.wordcard", "pk": 4, "fields": {"word": 7, "translation": 8, "description": "Little plastic utensil; rounded like a spoon only with tiny spikes.", "example": null, "owner": null, "is_public": true}}, {"model": "dictionary.wordcard", "pk": 5, "fields": {"word": 9, "translation": 10, "description": "The power to convince based on reasoning, emotional appeal, threats, or personal attractiveness.", "example": null, "owner": null, "is_public": true}}, {"model": "dictionary.wordcard", "pk": 6, "fields": {"word": 11, "translation": 12, "description": "Doing things without direction, aimlessly etc.", "example": null, "owner": null, "is_public": true}}, {"model": "dictionary.wordcard", "pk": 7, "fields": {"word": 13, "translation": 14, "description": null, "example": null, "owner": null, "is_public": true}}, {"model": "dictionary.wordcard", "pk": 8, "fields": {"word": 15, "translation": 16, "description": "спрей для косметического изменения тона кожи", "example": null, "owner": null, "is_public": true}}, {"model": "dictionary.wordcard", "pk": 9, "fields": {"word": 17, "translation": 18, "description": "действие в честь чего-либо, в память о каком-то событии", "example": "to commemorate a graduation - отметить выпуск из школы", "owner": null, "is_public": true}}, {"model": "dictionary.wordcard", "pk": 10, "fields": {"word": 19, "translation": 20, "description": null, "example": null, "owner": null, "is_public": true}}, {"model": "dictionary.wordcard", "pk": 11, "fields": {"word": 21, "translation": 22, "description": null, "example": "an errant light - блуждающий огонёк", "owner": null, "is_public": true}}, {"model": "dictionary.wordcard", "pk": 12, "fields": {"word": 23, "translation": 24, "description": null, "example": null, "owner": null, "is_public": true}}, {"model": "dictionary.wordcard", "pk": 13, "fields": {"word": 25, "translation": 26, "description": null, "example": null, "owner": null, "is_public": true}}, {"model": "dictionary.wordcard", "pk": 14, "fields": {"word": 27, "translation": 28, "description": null, "example": null, "owner": null, "is_public": true}}, {"model": "dictionary.wordcard", "pk": 15, "fields": {"word": 29, "translation": 30, "description": null, "example": null, "owner": null, "is_public": true}}, {"model": "dictionary.wordcard", "pk": 16, "fields": {"word": 31, "translation": 32, "description": "не за что", "example": null, "owner": null, "is_public": true}}, {"model": "dictionary.wordcard", "pk": 17, "fields": {"word": 33, "translation": 34, "description": "на русском языке", "example": "მე არ ვიცი ქართული. რუსული ითსით? - Я не знаю грузинского. [Можем поговорить] по-русски?", "owner": null, "is_public": true}}, {"model": "dictionary.wordcard", "pk": 28, "fields": {"word": 57, "translation": 58, "description": "to make someone feel uncomfortable", "example": "", "owner": null, "is_public": true}}, {"model": "dictionary.wordcard", "pk": 32, "fields": {"word": 67, "translation": 68, "description": "123", "example": "123", "owner": 1, "is_public": true}}, {"model": "dictionary.cardgroup", "pk": 1, "fields": {"name": "Small talk", "owner": 2, "is_public": true, "cards": [12, 13, 15, 16, 17]}}, {"model": "dictionary.wordcardprogress", "pk": 1, "fields": {"user": 1, "card": 28, "score": 4}}, {"model": "dictionary.wordcardprogress", "pk": 2, "fields": {"user": 1, "card": 14, "score": 1}}, {"model": "dictionary.wordcardprogress", "pk": 3, "fields": {"user": 1, "card": 6, "score": 2}}, {"model": "dictionary.wordcardprogress", "pk": 4, "fields": {"user": 1, "card": 11, "score": 1}}, {"model": "dictionary.wordcardprogress", "pk": 5, "fields": {"user": 1, "card": 4, "score": 2}}, {"model": "dictionary.wordcardprogress", "pk": 6, "fields": {"user": 1, "card": 7, "score": 3}}, {"model": "dictionary.wordcardprogress", "pk": 7, "fields": {"user": 1, "card": 3, "score": 2}}, {"model": "dictionary.wordcardprogress", "pk": 8, "fields": {"user": 1, "card": 2, "score": 2}}, {"model": "dictionary.wordcardprogress", "pk": 9, "fields": {"user": 1, "card": 10, "score": 4}}, {"model": "dictionary.wordcardprogress", "pk": 10, "fields": {"user": 1, "card": 5, "score": 0}}, {"model": "dictionary.wordcardprogress", "pk": 11, "fields": {"user": 1, "card": 9, "score": 0}}, {"model": "dictionary.wordcardprogress", "pk": 12, "fields": {"user": 1, "card": 1, "score": 2}}, {"model": "dictionary.userprofile", "pk": 1, "fields": {"user": 1, "default_language": 1}}, {"model": "dictionary.userprofile", "pk": 2, "fields": {"user": 2, "default_language": 1}}]