[{"model": "admin.logentry", "pk": 1, "fields": {"action_time": "2023-04-20T20:48:42.311Z", "user": 1, "content_type": 13, "object_id": "1", "object_repr": "aidev -  ", "action_flag": 1, "change_message": "[{\"added\": {}}]"}}, {"model": "admin.logentry", "pk": 2, "fields": {"action_time": "2023-04-20T20:49:21.741Z", "user": 1, "content_type": 13, "object_id": "2", "object_repr": "carolus -  ", "action_flag": 1, "change_message": "[{\"added\": {}}]"}}, {"model": "admin.logentry", "pk": 3, "fields": {"action_time": "2023-04-20T20:53:09.061Z", "user": 1, "content_type": 13, "object_id": "2", "object_repr": "carolus - Русский", "action_flag": 2, "change_message": "[{\"changed\": {\"fields\": [\"Default language\"]}}]"}}, {"model": "admin.logentry", "pk": 4, "fields": {"action_time": "2023-04-20T20:53:13.434Z", "user": 1, "content_type": 13, "object_id": "1", "object_repr": "aidev - Русский", "action_flag": 2, "change_message": "[{\"changed\": {\"fields\": [\"Default language\"]}}]"}}, {"model": "admin.logentry", "pk": 5, "fields": {"action_time": "2023-04-20T20:53:32.508Z", "user": 1, "content_type": 7, "object_id": "9", "object_repr": "Технические термины ", "action_flag": 2, "change_message": "[{\"changed\": {\"fields\": [\"\\u0413\\u0440\\u0443\\u043f\\u043f\\u0430\"]}}]"}}, {"model": "admin.logentry", "pk": 6, "fields": {"action_time": "2023-04-20T22:27:15.423Z", "user": 1, "content_type": 14, "object_id": "1", "object_repr": "Alphabet object (1)", "action_flag": 1, "change_message": "[{\"added\": {}}]"}}, {"model": "admin.logentry", "pk": 7, "fields": {"action_time": "2023-04-20T22:28:24.000Z", "user": 1, "content_type": 16, "object_id": "1", "object_repr": "あ", "action_flag": 1, "change_message": "[{\"added\": {}}]"}}, {"model": "admin.logentry", "pk": 8, "fields": {"action_time": "2023-04-20T22:28:37.189Z", "user": 1, "content_type": 16, "object_id": "2", "object_repr": "い", "action_flag": 1, "change_message": "[{\"added\": {}}]"}}, {"model": "admin.logentry", "pk": 9, "fields": {"action_time": "2023-04-20T22:28:48.738Z", "user": 1, "content_type": 16, "object_id": "3", "object_repr": "う", "action_flag": 1, "change_message": "[{\"added\": {}}]"}}, {"model": "admin.logentry", "pk": 10, "fields": {"action_time": "2023-04-20T22:28:59.273Z", "user": 1, "content_type": 16, "object_id": "4", "object_repr": "え", "action_flag": 1, "change_message": "[{\"added\": {}}]"}}, {"model": "admin.logentry", "pk": 11, "fields": {"action_time": "2023-04-20T22:29:12.769Z", "user": 1, "content_type": 16, "object_id": "5", "object_repr": "お", "action_flag": 1, "change_message": "[{\"added\": {}}]"}}, {"model": "admin.logentry", "pk": 12, "fields": {"action_time": "2023-04-20T22:29:50.034Z", "user": 1, "content_type": 15, "object_id": "1", "object_repr": "AlphabetEntry object (1)", "action_flag": 1, "change_message": "[{\"added\": {}}]"}}, {"model": "admin.logentry", "pk": 13, "fields": {"action_time": "2023-04-20T22:30:06.377Z", "user": 1, "content_type": 15, "object_id": "2", "object_repr": "AlphabetEntry object (2)", "action_flag": 1, "change_message": "[{\"added\": {}}]"}}, {"model": "admin.logentry", "pk": 14, "fields": {"action_time": "2023-04-20T22:30:16.708Z", "user": 1, "content_type": 15, "object_id": "3", "object_repr": "AlphabetEntry object (3)", "action_flag": 1, "change_message": "[{\"added\": {}}]"}}, {"model": "admin.logentry", "pk": 15, "fields": {"action_time": "2023-04-20T22:30:27.443Z", "user": 1, "content_type": 15, "object_id": "4", "object_repr": "AlphabetEntry object (4)", "action_flag": 1, "change_message": "[{\"added\": {}}]"}}, {"model": "admin.logentry", "pk": 16, "fields": {"action_time": "2023-04-20T22:30:40.008Z", "user": 1, "content_type": 15, "object_id": "5", "object_repr": "AlphabetEntry object (5)", "action_flag": 1, "change_message": "[{\"added\": {}}]"}}, {"model": "admin.logentry", "pk": 17, "fields": {"action_time": "2023-04-20T22:31:03.894Z", "user": 1, "content_type": 16, "object_id": "6", "object_repr": "か", "action_flag": 1, "change_message": "[{\"added\": {}}]"}}, {"model": "admin.logentry", "pk": 18, "fields": {"action_time": "2023-04-20T22:31:18.551Z", "user": 1, "content_type": 16, "object_id": "7", "object_repr": "き", "action_flag": 1, "change_message": "[{\"added\": {}}]"}}, {"model": "admin.logentry", "pk": 19, "fields": {"action_time": "2023-04-20T22:31:30.265Z", "user": 1, "content_type": 16, "object_id": "8", "object_repr": "く", "action_flag": 1, "change_message": "[{\"added\": {}}]"}}, {"model": "admin.logentry", "pk": 20, "fields": {"action_time": "2023-04-20T22:31:47.331Z", "user": 1, "content_type": 16, "object_id": "9", "object_repr": "け", "action_flag": 1, "change_message": "[{\"added\": {}}]"}}, {"model": "admin.logentry", "pk": 21, "fields": {"action_time": "2023-04-20T22:31:58.357Z", "user": 1, "content_type": 16, "object_id": "10", "object_repr": "こ", "action_flag": 1, "change_message": "[{\"added\": {}}]"}}, {"model": "admin.logentry", "pk": 22, "fields": {"action_time": "2023-04-20T22:32:16.207Z", "user": 1, "content_type": 15, "object_id": "6", "object_repr": "AlphabetEntry object (6)", "action_flag": 1, "change_message": "[{\"added\": {}}]"}}, {"model": "admin.logentry", "pk": 23, "fields": {"action_time": "2023-04-20T22:32:27.673Z", "user": 1, "content_type": 15, "object_id": "7", "object_repr": "AlphabetEntry object (7)", "action_flag": 1, "change_message": "[{\"added\": {}}]"}}, {"model": "admin.logentry", "pk": 24, "fields": {"action_time": "2023-04-20T22:32:37.113Z", "user": 1, "content_type": 15, "object_id": "8", "object_repr": "AlphabetEntry object (8)", "action_flag": 1, "change_message": "[{\"added\": {}}]"}}, {"model": "admin.logentry", "pk": 25, "fields": {"action_time": "2023-04-20T22:32:47.359Z", "user": 1, "content_type": 15, "object_id": "9", "object_repr": "AlphabetEntry object (9)", "action_flag": 1, "change_message": "[{\"added\": {}}]"}}, {"model": "admin.logentry", "pk": 26, "fields": {"action_time": "2023-04-20T22:32:58.679Z", "user": 1, "content_type": 15, "object_id": "10", "object_repr": "AlphabetEntry object (10)", "action_flag": 1, "change_message": "[{\"added\": {}}]"}}, {"model": "admin.logentry", "pk": 27, "fields": {"action_time": "2023-04-20T22:33:19.539Z", "user": 1, "content_type": 16, "object_id": "11", "object_repr": "さ", "action_flag": 1, "change_message": "[{\"added\": {}}]"}}, {"model": "admin.logentry", "pk": 28, "fields": {"action_time": "2023-04-20T22:33:29.860Z", "user": 1, "content_type": 16, "object_id": "12", "object_repr": "し", "action_flag": 1, "change_message": "[{\"added\": {}}]"}}, {"model": "admin.logentry", "pk": 29, "fields": {"action_time": "2023-04-20T22:33:38.838Z", "user": 1, "content_type": 16, "object_id": "13", "object_repr": "す", "action_flag": 1, "change_message": "[{\"added\": {}}]"}}, {"model": "admin.logentry", "pk": 30, "fields": {"action_time": "2023-04-20T22:33:48.348Z", "user": 1, "content_type": 16, "object_id": "14", "object_repr": "せ", "action_flag": 1, "change_message": "[{\"added\": {}}]"}}, {"model": "admin.logentry", "pk": 31, "fields": {"action_time": "2023-04-20T22:33:58.680Z", "user": 1, "content_type": 16, "object_id": "15", "object_repr": "そ", "action_flag": 1, "change_message": "[{\"added\": {}}]"}}, {"model": "admin.logentry", "pk": 32, "fields": {"action_time": "2023-04-20T22:34:16.010Z", "user": 1, "content_type": 15, "object_id": "11", "object_repr": "AlphabetEntry object (11)", "action_flag": 1, "change_message": "[{\"added\": {}}]"}}, {"model": "admin.logentry", "pk": 33, "fields": {"action_time": "2023-04-20T22:34:24.958Z", "user": 1, "content_type": 15, "object_id": "12", "object_repr": "AlphabetEntry object (12)", "action_flag": 1, "change_message": "[{\"added\": {}}]"}}, {"model": "admin.logentry", "pk": 34, "fields": {"action_time": "2023-04-20T22:34:39.090Z", "user": 1, "content_type": 15, "object_id": "13", "object_repr": "AlphabetEntry object (13)", "action_flag": 1, "change_message": "[{\"added\": {}}]"}}, {"model": "admin.logentry", "pk": 35, "fields": {"action_time": "2023-04-20T22:34:49.287Z", "user": 1, "content_type": 15, "object_id": "14", "object_repr": "AlphabetEntry object (14)", "action_flag": 1, "change_message": "[{\"added\": {}}]"}}, {"model": "admin.logentry", "pk": 36, "fields": {"action_time": "2023-04-20T22:34:57.918Z", "user": 1, "content_type": 15, "object_id": "15", "object_repr": "AlphabetEntry object (15)", "action_flag": 1, "change_message": "[{\"added\": {}}]"}}, {"model": "admin.logentry", "pk": 37, "fields": {"action_time": "2023-04-20T22:35:18.397Z", "user": 1, "content_type": 16, "object_id": "16", "object_repr": "た", "action_flag": 1, "change_message": "[{\"added\": {}}]"}}, {"model": "admin.logentry", "pk": 38, "fields": {"action_time": "2023-04-20T22:35:27.332Z", "user": 1, "content_type": 16, "object_id": "17", "object_repr": "ち", "action_flag": 1, "change_message": "[{\"added\": {}}]"}}, {"model": "admin.logentry", "pk": 39, "fields": {"action_time": "2023-04-20T22:35:36.173Z", "user": 1, "content_type": 16, "object_id": "18", "object_repr": "つ", "action_flag": 1, "change_message": "[{\"added\": {}}]"}}, {"model": "admin.logentry", "pk": 40, "fields": {"action_time": "2023-04-20T22:35:44.619Z", "user": 1, "content_type": 16, "object_id": "19", "object_repr": "て", "action_flag": 1, "change_message": "[{\"added\": {}}]"}}, {"model": "admin.logentry", "pk": 41, "fields": {"action_time": "2023-04-20T22:35:58.794Z", "user": 1, "content_type": 16, "object_id": "20", "object_repr": "と", "action_flag": 1, "change_message": "[{\"added\": {}}]"}}, {"model": "admin.logentry", "pk": 42, "fields": {"action_time": "2023-04-20T22:36:20.146Z", "user": 1, "content_type": 15, "object_id": "16", "object_repr": "AlphabetEntry object (16)", "action_flag": 1, "change_message": "[{\"added\": {}}]"}}, {"model": "admin.logentry", "pk": 43, "fields": {"action_time": "2023-04-20T22:36:31.712Z", "user": 1, "content_type": 15, "object_id": "17", "object_repr": "AlphabetEntry object (17)", "action_flag": 1, "change_message": "[{\"added\": {}}]"}}, {"model": "admin.logentry", "pk": 44, "fields": {"action_time": "2023-04-20T22:36:42.331Z", "user": 1, "content_type": 15, "object_id": "18", "object_repr": "AlphabetEntry object (18)", "action_flag": 1, "change_message": "[{\"added\": {}}]"}}, {"model": "admin.logentry", "pk": 45, "fields": {"action_time": "2023-04-20T22:36:52.976Z", "user": 1, "content_type": 15, "object_id": "19", "object_repr": "AlphabetEntry object (19)", "action_flag": 1, "change_message": "[{\"added\": {}}]"}}, {"model": "admin.logentry", "pk": 46, "fields": {"action_time": "2023-04-20T22:37:06.029Z", "user": 1, "content_type": 15, "object_id": "20", "object_repr": "AlphabetEntry object (20)", "action_flag": 1, "change_message": "[{\"added\": {}}]"}}, {"model": "admin.logentry", "pk": 47, "fields": {"action_time": "2023-04-20T22:37:22.350Z", "user": 1, "content_type": 16, "object_id": "21", "object_repr": "な", "action_flag": 1, "change_message": "[{\"added\": {}}]"}}, {"model": "admin.logentry", "pk": 48, "fields": {"action_time": "2023-04-20T22:37:33.595Z", "user": 1, "content_type": 16, "object_id": "22", "object_repr": "に", "action_flag": 1, "change_message": "[{\"added\": {}}]"}}, {"model": "admin.logentry", "pk": 49, "fields": {"action_time": "2023-04-20T22:37:45.634Z", "user": 1, "content_type": 16, "object_id": "23", "object_repr": "ぬ", "action_flag": 1, "change_message": "[{\"added\": {}}]"}}, {"model": "admin.logentry", "pk": 50, "fields": {"action_time": "2023-04-20T22:37:59.291Z", "user": 1, "content_type": 16, "object_id": "24", "object_repr": "ね", "action_flag": 1, "change_message": "[{\"added\": {}}]"}}, {"model": "admin.logentry", "pk": 51, "fields": {"action_time": "2023-04-20T22:38:13.345Z", "user": 1, "content_type": 16, "object_id": "25", "object_repr": "の", "action_flag": 1, "change_message": "[{\"added\": {}}]"}}, {"model": "admin.logentry", "pk": 52, "fields": {"action_time": "2023-04-21T07:08:02.894Z", "user": 1, "content_type": 15, "object_id": "21", "object_repr": "AlphabetEntry object (21)", "action_flag": 1, "change_message": "[{\"added\": {}}]"}}, {"model": "admin.logentry", "pk": 53, "fields": {"action_time": "2023-04-21T07:08:10.677Z", "user": 1, "content_type": 15, "object_id": "22", "object_repr": "AlphabetEntry object (22)", "action_flag": 1, "change_message": "[{\"added\": {}}]"}}, {"model": "admin.logentry", "pk": 54, "fields": {"action_time": "2023-04-21T07:08:20.229Z", "user": 1, "content_type": 15, "object_id": "23", "object_repr": "AlphabetEntry object (23)", "action_flag": 1, "change_message": "[{\"added\": {}}]"}}, {"model": "admin.logentry", "pk": 55, "fields": {"action_time": "2023-04-21T07:08:33.030Z", "user": 1, "content_type": 15, "object_id": "24", "object_repr": "AlphabetEntry object (24)", "action_flag": 1, "change_message": "[{\"added\": {}}]"}}, {"model": "admin.logentry", "pk": 56, "fields": {"action_time": "2023-04-21T07:08:41.483Z", "user": 1, "content_type": 15, "object_id": "25", "object_repr": "AlphabetEntry object (25)", "action_flag": 1, "change_message": "[{\"added\": {}}]"}}, {"model": "admin.logentry", "pk": 57, "fields": {"action_time": "2023-04-21T07:08:59.684Z", "user": 1, "content_type": 16, "object_id": "26", "object_repr": "は", "action_flag": 1, "change_message": "[{\"added\": {}}]"}}, {"model": "admin.logentry", "pk": 58, "fields": {"action_time": "2023-04-21T07:09:10.063Z", "user": 1, "content_type": 16, "object_id": "27", "object_repr": "ひ", "action_flag": 1, "change_message": "[{\"added\": {}}]"}}, {"model": "admin.logentry", "pk": 59, "fields": {"action_time": "2023-04-21T07:09:20.184Z", "user": 1, "content_type": 16, "object_id": "28", "object_repr": "ふ", "action_flag": 1, "change_message": "[{\"added\": {}}]"}}, {"model": "admin.logentry", "pk": 60, "fields": {"action_time": "2023-04-21T07:09:28.606Z", "user": 1, "content_type": 16, "object_id": "29", "object_repr": "へ", "action_flag": 1, "change_message": "[{\"added\": {}}]"}}, {"model": "admin.logentry", "pk": 61, "fields": {"action_time": "2023-04-21T07:09:45.347Z", "user": 1, "content_type": 16, "object_id": "30", "object_repr": "ほ", "action_flag": 1, "change_message": "[{\"added\": {}}]"}}, {"model": "admin.logentry", "pk": 62, "fields": {"action_time": "2023-04-21T07:21:37.709Z", "user": 1, "content_type": 15, "object_id": "26", "object_repr": "AlphabetEntry object (26)", "action_flag": 1, "change_message": "[{\"added\": {}}]"}}, {"model": "admin.logentry", "pk": 63, "fields": {"action_time": "2023-04-21T07:21:45.369Z", "user": 1, "content_type": 15, "object_id": "27", "object_repr": "AlphabetEntry object (27)", "action_flag": 1, "change_message": "[{\"added\": {}}]"}}, {"model": "admin.logentry", "pk": 64, "fields": {"action_time": "2023-04-21T07:21:53.100Z", "user": 1, "content_type": 15, "object_id": "28", "object_repr": "AlphabetEntry object (28)", "action_flag": 1, "change_message": "[{\"added\": {}}]"}}, {"model": "admin.logentry", "pk": 65, "fields": {"action_time": "2023-04-21T07:22:00.805Z", "user": 1, "content_type": 15, "object_id": "29", "object_repr": "AlphabetEntry object (29)", "action_flag": 1, "change_message": "[{\"added\": {}}]"}}, {"model": "admin.logentry", "pk": 66, "fields": {"action_time": "2023-04-21T07:22:10.883Z", "user": 1, "content_type": 15, "object_id": "30", "object_repr": "AlphabetEntry object (30)", "action_flag": 1, "change_message": "[{\"added\": {}}]"}}, {"model": "admin.logentry", "pk": 67, "fields": {"action_time": "2023-04-21T07:22:23.761Z", "user": 1, "content_type": 16, "object_id": "31", "object_repr": "ま", "action_flag": 1, "change_message": "[{\"added\": {}}]"}}, {"model": "admin.logentry", "pk": 68, "fields": {"action_time": "2023-04-21T07:22:32.722Z", "user": 1, "content_type": 16, "object_id": "32", "object_repr": "み", "action_flag": 1, "change_message": "[{\"added\": {}}]"}}, {"model": "admin.logentry", "pk": 69, "fields": {"action_time": "2023-04-21T07:22:39.637Z", "user": 1, "content_type": 16, "object_id": "33", "object_repr": "む", "action_flag": 1, "change_message": "[{\"added\": {}}]"}}, {"model": "admin.logentry", "pk": 70, "fields": {"action_time": "2023-04-21T07:22:46.460Z", "user": 1, "content_type": 16, "object_id": "34", "object_repr": "め", "action_flag": 1, "change_message": "[{\"added\": {}}]"}}, {"model": "admin.logentry", "pk": 71, "fields": {"action_time": "2023-04-21T07:22:53.119Z", "user": 1, "content_type": 16, "object_id": "35", "object_repr": "も", "action_flag": 1, "change_message": "[{\"added\": {}}]"}}, {"model": "admin.logentry", "pk": 72, "fields": {"action_time": "2023-04-21T07:32:31.970Z", "user": 1, "content_type": 15, "object_id": "31", "object_repr": "AlphabetEntry object (31)", "action_flag": 1, "change_message": "[{\"added\": {}}]"}}, {"model": "admin.logentry", "pk": 73, "fields": {"action_time": "2023-04-21T07:32:39.692Z", "user": 1, "content_type": 15, "object_id": "32", "object_repr": "AlphabetEntry object (32)", "action_flag": 1, "change_message": "[{\"added\": {}}]"}}, {"model": "admin.logentry", "pk": 74, "fields": {"action_time": "2023-04-21T07:32:45.623Z", "user": 1, "content_type": 15, "object_id": "33", "object_repr": "AlphabetEntry object (33)", "action_flag": 1, "change_message": "[{\"added\": {}}]"}}, {"model": "admin.logentry", "pk": 75, "fields": {"action_time": "2023-04-21T07:32:55.434Z", "user": 1, "content_type": 15, "object_id": "34", "object_repr": "AlphabetEntry object (34)", "action_flag": 1, "change_message": "[{\"added\": {}}]"}}, {"model": "admin.logentry", "pk": 76, "fields": {"action_time": "2023-04-21T07:33:07.441Z", "user": 1, "content_type": 15, "object_id": "35", "object_repr": "AlphabetEntry object (35)", "action_flag": 1, "change_message": "[{\"added\": {}}]"}}, {"model": "admin.logentry", "pk": 77, "fields": {"action_time": "2023-04-21T07:36:37.521Z", "user": 1, "content_type": 16, "object_id": "36", "object_repr": "や", "action_flag": 1, "change_message": "[{\"added\": {}}]"}}, {"model": "admin.logentry", "pk": 78, "fields": {"action_time": "2023-04-21T07:36:44.240Z", "user": 1, "content_type": 16, "object_id": "37", "object_repr": "ゆ", "action_flag": 1, "change_message": "[{\"added\": {}}]"}}, {"model": "admin.logentry", "pk": 79, "fields": {"action_time": "2023-04-21T07:36:51.052Z", "user": 1, "content_type": 16, "object_id": "38", "object_repr": "よ", "action_flag": 1, "change_message": "[{\"added\": {}}]"}}, {"model": "admin.logentry", "pk": 80, "fields": {"action_time": "2023-04-21T07:37:04.264Z", "user": 1, "content_type": 15, "object_id": "36", "object_repr": "AlphabetEntry object (36)", "action_flag": 1, "change_message": "[{\"added\": {}}]"}}, {              "model": "admin.logentry", "pk": 81, "fields": {"action_time": "2023-04-21T07:37:13.440Z", "user": 1, "content_type": 15, "object_id": "37", "object_repr": "AlphabetEntry object (37)", "action_flag": 1, "change_message": "[{\"added\": {}}]"}}, {"model": "admin.logentry", "pk": 82, "fields": {"action_time": "2023-04-21T07:37:22.230Z", "user": 1, "content_type": 15, "object_id": "38", "object_repr": "AlphabetEntry object (38)", "action_flag": 1, "change_message": "[{\"added\": {}}]"}}, {"model": "admin.logentry", "pk": 83, "fields": {"action_time": "2023-04-21T07:40:30.947Z", "user": 1, "content_type": 16, "object_id": "39", "object_repr": "ら", "action_flag": 1, "change_message": "[{\"added\": {}}]"}}, {"model": "admin.logentry", "pk": 84, "fields": {"action_time": "2023-04-21T07:40:39.103Z", "user": 1, "content_type": 16, "object_id": "40", "object_repr": "り", "action_flag": 1, "change_message": "[{\"added\": {}}]"}}, {"model": "admin.logentry", "pk": 85, "fields": {"action_time": "2023-04-21T07:40:44.989Z", "user": 1, "content_type": 16, "object_id": "41", "object_repr": "る", "action_flag": 1, "change_message": "[{\"added\": {}}]"}}, {"model": "admin.logentry", "pk": 86, "fields": {"action_time": "2023-04-21T07:40:50.969Z", "user": 1, "content_type": 16, "object_id": "42", "object_repr": "れ", "action_flag": 1, "change_message": "[{\"added\": {}}]"}}, {"model": "admin.logentry", "pk": 87, "fields": {"action_time": "2023-04-21T07:40:59.289Z", "user": 1, "content_type": 16, "object_id": "43", "object_repr": "ろ", "action_flag": 1, "change_message": "[{\"added\": {}}]"}}, {"model": "admin.logentry", "pk": 88, "fields": {"action_time": "2023-04-21T07:41:09.006Z", "user": 1, "content_type": 15, "object_id": "39", "object_repr": "AlphabetEntry object (39)", "action_flag": 1, "change_message": "[{\"added\": {}}]"}}, {"model": "admin.logentry", "pk": 89, "fields": {"action_time": "2023-04-21T07:41:17.630Z", "user": 1, "content_type": 15, "object_id": "40", "object_repr": "AlphabetEntry object (40)", "action_flag": 1, "change_message": "[{\"added\": {}}]"}}, {"model": "admin.logentry", "pk": 90, "fields": {"action_time": "2023-04-21T07:41:26.627Z", "user": 1, "content_type": 15, "object_id": "41", "object_repr": "AlphabetEntry object (41)", "action_flag": 1, "change_message": "[{\"added\": {}}]"}}, {"model": "admin.logentry", "pk": 91, "fields": {"action_time": "2023-04-21T07:41:33.455Z", "user": 1, "content_type": 15, "object_id": "42", "object_repr": "AlphabetEntry object (42)", "action_flag": 1, "change_message": "[{\"added\": {}}]"}}, {"model": "admin.logentry", "pk": 92, "fields": {"action_time": "2023-04-21T07:41:42.292Z", "user": 1, "content_type": 15, "object_id": "43", "object_repr": "AlphabetEntry object (43)", "action_flag": 1, "change_message": "[{\"added\": {}}]"}}, {"model": "admin.logentry", "pk": 93, "fields": {"action_time": "2023-04-21T07:41:52.935Z", "user": 1, "content_type": 16, "object_id": "44", "object_repr": "わ", "action_flag": 1, "change_message": "[{\"added\": {}}]"}}, {"model": "admin.logentry", "pk": 94, "fields": {"action_time": "2023-04-21T07:42:22.757Z", "user": 1, "content_type": 16, "object_id": "45", "object_repr": "wo", "action_flag": 1, "change_message": "[{\"added\": {}}]"}}, {"model": "admin.logentry", "pk": 95, "fields": {"action_time": "2023-04-21T07:43:50.244Z", "user": 1, "content_type": 16, "object_id": "45", "object_repr": "を", "action_flag": 2, "change_message": "[{\"changed\": {\"fields\": [\"\\u0421\\u0438\\u043c\\u0432\\u043e\\u043b\", \"\\u0422\\u0440\\u0430\\u043d\\u0441\\u043a\\u0440\\u0438\\u043f\\u0446\\u0438\\u044f\"]}}]"}}, {"model": "admin.logentry", "pk": 96, "fields": {"action_time": "2023-04-21T07:44:09.740Z", "user": 1, "content_type": 15, "object_id": "44", "object_repr": "AlphabetEntry object (44)", "action_flag": 1, "change_message": "[{\"added\": {}}]"}}, {"model": "admin.logentry", "pk": 97, "fields": {"action_time": "2023-04-21T07:44:19.249Z", "user": 1, "content_type": 15, "object_id": "45", "object_repr": "AlphabetEntry object (45)", "action_flag": 1, "change_message": "[{\"added\": {}}]"}}, {"model": "admin.logentry", "pk": 98, "fields": {"action_time": "2023-04-21T07:44:33.367Z", "user": 1, "content_type": 16, "object_id": "46", "object_repr": "ん", "action_flag": 1, "change_message": "[{\"added\": {}}]"}}, {"model": "admin.logentry", "pk": 99, "fields": {"action_time": "2023-04-21T07:45:26.747Z", "user": 1, "content_type": 15, "object_id": "46", "object_repr": "AlphabetEntry object (46)", "action_flag": 1, "change_message": "[{\"added\": {}}]"}}, {"model": "admin.logentry", "pk": 100, "fields": {"action_time": "2023-04-21T07:56:31.014Z", "user": 1, "content_type": 16, "object_id": "47", "object_repr": "ア", "action_flag": 1, "change_message": "[{\"added\": {}}]"}}, {"model": "admin.logentry", "pk": 101, "fields": {"action_time": "2023-04-21T07:56:40.652Z", "user": 1, "content_type": 16, "object_id": "48", "object_repr": "イ", "action_flag": 1, "change_message": "[{\"added\": {}}]"}}, {"model": "admin.logentry", "pk": 102, "fields": {"action_time": "2023-04-21T07:56:46.735Z", "user": 1, "content_type": 16, "object_id": "49", "object_repr": "ウ", "action_flag": 1, "change_message": "[{\"added\": {}}]"}}, {"model": "admin.logentry", "pk": 103, "fields": {"action_time": "2023-04-21T07:57:09.687Z", "user": 1, "content_type": 16, "object_id": "50", "object_repr": "エ", "action_flag": 1, "change_message": "[{\"added\": {}}]"}}, {"model": "admin.logentry", "pk": 104, "fields": {"action_time": "2023-04-21T07:57:15.073Z", "user": 1, "content_type": 16, "object_id": "51", "object_repr": "オ", "action_flag": 1, "change_message": "[{\"added\": {}}]"}}, {"model": "admin.logentry", "pk": 105, "fields": {"action_time": "2023-04-21T07:58:15.361Z", "user": 1, "content_type": 16, "object_id": "52", "object_repr": "カ", "action_flag": 1, "change_message": "[{\"added\": {}}]"}}, {"model": "admin.logentry", "pk": 106, "fields": {"action_time": "2023-04-21T07:58:20.695Z", "user": 1, "content_type": 16, "object_id": "53", "object_repr": "キ", "action_flag": 1, "change_message": "[{\"added\": {}}]"}}, {"model": "admin.logentry", "pk": 107, "fields": {"action_time": "2023-04-21T07:58:27.229Z", "user": 1, "content_type": 16, "object_id": "54", "object_repr": "ク", "action_flag": 1, "change_message": "[{\"added\": {}}]"}}, {"model": "admin.logentry", "pk": 108, "fields": {"action_time": "2023-04-21T07:58:33.776Z", "user": 1, "content_type": 16, "object_id": "55", "object_repr": "ケ", "action_flag": 1, "change_message": "[{\"added\": {}}]"}}, {"model": "admin.logentry", "pk": 109, "fields": {"action_time": "2023-04-21T07:58:42.333Z", "user": 1, "content_type": 16, "object_id": "56", "object_repr": "コ", "action_flag": 1, "change_message": "[{\"added\": {}}]"}}, {"model": "admin.logentry", "pk": 110, "fields": {"action_time": "2023-04-21T07:59:00.751Z", "user": 1, "content_type": 16, "object_id": "57", "object_repr": "サ", "action_flag": 1, "change_message": "[{\"added\": {}}]"}}, {"model": "admin.logentry", "pk": 111, "fields": {"action_time": "2023-04-21T07:59:08.285Z", "user": 1, "content_type": 16, "object_id": "58", "object_repr": "シ", "action_flag": 1, "change_message": "[{\"added\": {}}]"}}, {"model": "admin.logentry", "pk": 112, "fields": {"action_time": "2023-04-21T07:59:13.282Z", "user": 1, "content_type": 16, "object_id": "59", "object_repr": "ス", "action_flag": 1, "change_message": "[{\"added\": {}}]"}}, {"model": "admin.logentry", "pk": 113, "fields": {"action_time": "2023-04-21T07:59:18.036Z", "user": 1, "content_type": 16, "object_id": "60", "object_repr": "セ", "action_flag": 1, "change_message": "[{\"added\": {}}]"}}, {"model": "admin.logentry", "pk": 114, "fields": {"action_time": "2023-04-21T07:59:24.425Z", "user": 1, "content_type": 16, "object_id": "61", "object_repr": "ソ", "action_flag": 1, "change_message": "[{\"added\": {}}]"}}, {"model": "admin.logentry", "pk": 115, "fields": {"action_time": "2023-04-21T07:59:29.649Z", "user": 1, "content_type": 16, "object_id": "62", "object_repr": "タ", "action_flag": 1, "change_message": "[{\"added\": {}}]"}}, {"model": "admin.logentry", "pk": 116, "fields": {"action_time": "2023-04-21T07:59:34.824Z", "user": 1, "content_type": 16, "object_id": "63", "object_repr": "チ", "action_flag": 1, "change_message": "[{\"added\": {}}]"}}, {"model": "admin.logentry", "pk": 117, "fields": {"action_time": "2023-04-21T07:59:39.906Z", "user": 1, "content_type": 16, "object_id": "64", "object_repr": "ツ", "action_flag": 1, "change_message": "[{\"added\": {}}]"}}, {"model": "admin.logentry", "pk": 118, "fields": {"action_time": "2023-04-21T07:59:43.763Z", "user": 1, "content_type": 16, "object_id": "65", "object_repr": "テ", "action_flag": 1, "change_message": "[{\"added\": {}}]"}}, {"model": "admin.logentry", "pk": 119, "fields": {"action_time": "2023-04-21T07:59:51.269Z", "user": 1, "content_type": 16, "object_id": "66", "object_repr": "ト", "action_flag": 1, "change_message": "[{\"added\": {}}]"}}, {"model": "admin.logentry", "pk": 120, "fields": {"action_time": "2023-04-21T08:00:29.821Z", "user": 1, "content_type": 16, "object_id": "67", "object_repr": "ナ", "action_flag": 1, "change_message": "[{\"added\": {}}]"}}, {"model": "admin.logentry", "pk": 121, "fields": {"action_time": "2023-04-21T08:00:36.855Z", "user": 1, "content_type": 16, "object_id": "68", "object_repr": "ニ", "action_flag": 1, "change_message": "[{\"added\": {}}]"}}, {"model": "admin.logentry", "pk": 122, "fields": {"action_time": "2023-04-21T08:00:41.937Z", "user": 1, "content_type": 16, "object_id": "69", "object_repr": "ヌ", "action_flag": 1, "change_message": "[{\"added\": {}}]"}}, {"model": "admin.logentry", "pk": 123, "fields": {"action_time": "2023-04-21T08:00:48.217Z", "user": 1, "content_type": 16, "object_id": "70", "object_repr": "ネ", "action_flag": 1, "change_message": "[{\"added\": {}}]"}}, {"model": "admin.logentry", "pk": 124, "fields": {"action_time": "2023-04-21T08:00:53.776Z", "user": 1, "content_type": 16, "object_id": "71", "object_repr": "ノ", "action_flag": 1, "change_message": "[{\"added\": {}}]"}}, {"model": "admin.logentry", "pk": 125, "fields": {"action_time": "2023-04-21T08:00:58.720Z", "user": 1, "content_type": 16, "object_id": "72", "object_repr": "ハ", "action_flag": 1, "change_message": "[{\"added\": {}}]"}}, {"model": "admin.logentry", "pk": 126, "fields": {"action_time": "2023-04-21T08:01:03.037Z", "user": 1, "content_type": 16, "object_id": "73", "object_repr": "ヒ", "action_flag": 1, "change_message": "[{\"added\": {}}]"}}, {"model": "admin.logentry", "pk": 127, "fields": {"action_time": "2023-04-21T08:01:07.806Z", "user": 1, "content_type": 16, "object_id": "74", "object_repr": "フ", "action_flag": 1, "change_message": "[{\"added\": {}}]"}}, {"model": "admin.logentry", "pk": 128, "fields": {"action_time": "2023-04-21T08:01:13.949Z", "user": 1, "content_type": 16, "object_id": "75", "object_repr": "ヘ", "action_flag": 1, "change_message": "[{\"added\": {}}]"}}, {"model": "admin.logentry", "pk": 129, "fields": {"action_time": "2023-04-21T08:01:19.329Z", "user": 1, "content_type": 16, "object_id": "76", "object_repr": "ホ", "action_flag": 1, "change_message": "[{\"added\": {}}]"}}, {"model": "admin.logentry", "pk": 130, "fields": {"action_time": "2023-04-21T08:01:26.270Z", "user": 1, "content_type": 16, "object_id": "77", "object_repr": "マ", "action_flag": 1, "change_message": "[{\"added\": {}}]"}}, {"model": "admin.logentry", "pk": 131, "fields": {"action_time": "2023-04-21T08:01:32.172Z", "user": 1, "content_type": 16, "object_id": "78", "object_repr": "ミ", "action_flag": 1, "change_message": "[{\"added\": {}}]"}}, {"model": "admin.logentry", "pk": 132, "fields": {"action_time": "2023-04-21T08:01:36.974Z", "user": 1, "content_type": 16, "object_id": "79", "object_repr": "ム", "action_flag": 1, "change_message": "[{\"added\": {}}]"}}, {"model": "admin.logentry", "pk": 133, "fields": {"action_time": "2023-04-21T08:01:41.720Z", "user": 1, "content_type": 16, "object_id": "80", "object_repr": "メ", "action_flag": 1, "change_message": "[{\"added\": {}}]"}}, {"model": "admin.logentry", "pk": 134, "fields": {"action_time": "2023-04-21T08:01:47.932Z", "user": 1, "content_type": 16, "object_id": "81", "object_repr": "モ", "action_flag": 1, "change_message": "[{\"added\": {}}]"}}, {"model": "admin.logentry", "pk": 135, "fields": {"action_time": "2023-04-21T08:01:55.033Z", "user": 1, "content_type": 16, "object_id": "82", "object_repr": "ヤ", "action_flag": 1, "change_message": "[{\"added\": {}}]"}}, {"model": "admin.logentry", "pk": 136, "fields": {"action_time": "2023-04-21T08:02:01.083Z", "user": 1, "content_type": 16, "object_id": "83", "object_repr": "ユ", "action_flag": 1, "change_message": "[{\"added\": {}}]"}}, {"model": "admin.logentry", "pk": 137, "fields": {"action_time": "2023-04-21T08:02:05.925Z", "user": 1, "content_type": 16, "object_id": "84", "object_repr": "ヨ", "action_flag": 1, "change_message": "[{\"added\": {}}]"}}, {"model": "admin.logentry", "pk": 138, "fields": {"action_time": "2023-04-21T08:02:11.020Z", "user": 1, "content_type": 16, "object_id": "85", "object_repr": "ラ", "action_flag": 1, "change_message": "[{\"added\": {}}]"}}, {"model": "admin.logentry", "pk": 139, "fields": {"action_time": "2023-04-21T08:02:15.611Z", "user": 1, "content_type": 16, "object_id": "86", "object_repr": "リ", "action_flag": 1, "change_message": "[{\"added\": {}}]"}}, {"model": "admin.logentry", "pk": 140, "fields": {"action_time": "2023-04-21T08:02:21.192Z", "user": 1, "content_type": 16, "object_id": "87", "object_repr": "ル", "action_flag": 1, "change_message": "[{\"added\": {}}]"}}, {"model": "admin.logentry", "pk": 141, "fields": {"action_time": "2023-04-21T08:02:26.311Z", "user": 1, "content_type": 16, "object_id": "88", "object_repr": "レ", "action_flag": 1, "change_message": "[{\"added\": {}}]"}}, {"model": "admin.logentry", "pk": 142, "fields": {"action_time": "2023-04-21T08:02:32.636Z", "user": 1, "content_type": 16, "object_id": "89", "object_repr": "ロ", "action_flag": 1, "change_message": "[{\"added\": {}}]"}}, {"model": "admin.logentry", "pk": 143, "fields": {"action_time": "2023-04-21T08:02:37.278Z", "user": 1, "content_type": 16, "object_id": "90", "object_repr": "ワ", "action_flag": 1, "change_message": "[{\"added\": {}}]"}}, {"model": "admin.logentry", "pk": 144, "fields": {"action_time": "2023-04-21T08:02:44.803Z", "user": 1, "content_type": 16, "object_id": "91", "object_repr": "ヲ", "action_flag": 1, "change_message": "[{\"added\": {}}]"}}, {"model": "admin.logentry", "pk": 145, "fields": {"action_time": "2023-04-21T08:02:51.085Z", "user": 1, "content_type": 16, "object_id": "92", "object_repr": "ン", "action_flag": 1, "change_message": "[{\"added\": {}}]"}}, {"model": "admin.logentry", "pk": 146, "fields": {"action_time": "2023-04-21T08:21:31.016Z", "user": 1, "content_type": 14, "object_id": "2", "object_repr": "Alphabet object (2)", "action_flag": 1, "change_message": "[{\"added\": {}}]"}}, {"model": "admin.logentry", "pk": 147, "fields": {"action_time": "2023-04-21T08:21:56.490Z", "user": 1, "content_type": 14, "object_id": "1", "object_repr": "Alphabet object (1)", "action_flag": 2, "change_message": "[{\"changed\": {\"fields\": [\"\\u041d\\u0430\\u0437\\u0432\\u0430\\u043d\\u0438\\u0435\"]}}]"}}, {"model": "admin.logentry", "pk": 148, "fields": {"action_time": "2023-04-21T08:22:16.948Z", "user": 1, "content_type": 15, "object_id": "47", "object_repr": "AlphabetEntry object (47)", "action_flag": 1, "change_message": "[{\"added\": {}}]"}}, {"model": "admin.logentry", "pk": 149, "fields": {"action_time": "2023-04-21T08:22:30.707Z", "user": 1, "content_type": 15, "object_id": "48", "object_repr": "AlphabetEntry object (48)", "action_flag": 1, "change_message": "[{\"added\": {}}]"}}, {"model": "admin.logentry", "pk": 150, "fields": {"action_time": "2023-04-21T08:22:38.719Z", "user": 1, "content_type": 15, "object_id": "49", "object_repr": "AlphabetEntry object (49)", "action_flag": 1, "change_message": "[{\"added\": {}}]"}}, {"model": "admin.logentry", "pk": 151, "fields": {"action_time": "2023-04-21T08:22:49.558Z", "user": 1, "content_type": 15, "object_id": "50", "object_repr": "AlphabetEntry object (50)", "action_flag": 1, "change_message": "[{\"added\": {}}]"}}, {"model": "admin.logentry", "pk": 152, "fields": {"action_time": "2023-04-21T08:23:01.925Z", "user": 1, "content_type": 15, "object_id": "51", "object_repr": "AlphabetEntry object (51)", "action_flag": 1, "change_message": "[{\"added\": {}}]"}}, {"model": "admin.logentry", "pk": 153, "fields": {"action_time": "2023-04-21T08:23:10.369Z", "user": 1, "content_type": 15, "object_id": "52", "object_repr": "AlphabetEntry object (52)", "action_flag": 1, "change_message": "[{\"added\": {}}]"}}, {"model": "admin.logentry", "pk": 154, "fields": {"action_time": "2023-04-21T08:23:21.314Z", "user": 1, "content_type": 15, "object_id": "53", "object_repr": "AlphabetEntry object (53)", "action_flag": 1, "change_message": "[{\"added\": {}}]"}}, {"model": "admin.logentry", "pk": 155, "fields": {"action_time": "2023-04-21T08:23:30.305Z", "user": 1, "content_type": 15, "object_id": "54", "object_repr": "AlphabetEntry object (54)", "action_flag": 1, "change_message": "[{\"added\": {}}]"}}, {"model": "admin.logentry", "pk": 156, "fields": {"action_time": "2023-04-21T08:23:41.379Z", "user": 1, "content_type": 15, "object_id": "55", "object_repr": "AlphabetEntry object (55)", "action_flag": 1, "change_message": "[{\"added\": {}}]"}}, {"model": "admin.logentry", "pk": 157, "fields": {"action_time": "2023-04-21T08:23:48.564Z", "user": 1, "content_type": 15, "object_id": "56", "object_repr": "AlphabetEntry object (56)", "action_flag": 1, "change_message": "[{\"added\": {}}]"}}, {"model": "admin.logentry", "pk": 158, "fields": {"action_time": "2023-04-21T08:24:07.563Z", "user": 1, "content_type": 15, "object_id": "57", "object_repr": "AlphabetEntry object (57)", "action_flag": 1, "change_message": "[{\"added\": {}}]"}}, {"model": "admin.logentry", "pk": 159, "fields": {"action_time": "2023-04-21T08:24:18.905Z", "user": 1, "content_type": 15, "object_id": "58", "object_repr": "AlphabetEntry object (58)", "action_flag": 1, "change_message": "[{\"added\": {}}]"}}, {"model": "admin.logentry", "pk": 160, "fields": {"action_time": "2023-04-21T08:24:28.839Z", "user": 1, "content_type": 15, "object_id": "59", "object_repr": "AlphabetEntry object (59)", "action_flag": 1, "change_message": "[{\"added\": {}}]"}}, {"model": "admin.logentry", "pk": 161, "fields": {"action_time": "2023-04-21T08:24:35.618Z", "user": 1, "content_type": 15, "object_id": "60", "object_repr": "AlphabetEntry object (60)", "action_flag": 1, "change_message": "[{\"added\": {}}]"}}, {"model": "admin.logentry", "pk": 162, "fields": {"action_time": "2023-04-21T08:24:45.215Z", "user": 1, "content_type": 15, "object_id": "61", "object_repr": "AlphabetEntry object (61)", "action_flag": 1, "change_message": "[{\"added\": {}}]"}}, {"model": "admin.logentry", "pk": 163, "fields": {"action_time": "2023-04-21T08:25:02.050Z", "user": 1, "content_type": 15, "object_id": "62", "object_repr": "AlphabetEntry object (62)", "action_flag": 1, "change_message": "[{\"added\": {}}]"}}, {"model": "admin.logentry", "pk": 164, "fields": {"action_time": "2023-04-21T08:25:11.814Z", "user": 1, "content_type": 15, "object_id": "63", "object_repr": "AlphabetEntry object (63)", "action_flag": 1, "change_message": "[{\"added\": {}}]"}}, {"model": "admin.logentry", "pk": 165, "fields": {"action_time": "2023-04-21T08:25:22.543Z", "user": 1, "content_type": 15, "object_id": "64", "object_repr": "AlphabetEntry object (64)", "action_flag": 1, "change_message": "[{\"added\": {}}]"}}, {"model": "admin.logentry", "pk": 166, "fields": {"action_time": "2023-04-21T08:25:29.100Z", "user": 1, "content_type": 15, "object_id": "65", "object_repr": "AlphabetEntry object (65)", "action_flag": 1, "change_message": "[{\"added\": {}}]"}}, {"model": "admin.logentry", "pk": 167, "fields": {"action_time": "2023-04-21T08:25:39.052Z", "user": 1, "content_type": 15, "object_id": "66", "object_repr": "AlphabetEntry object (66)", "action_flag": 1, "change_message": "[{\"added\": {}}]"}}, {"model": "admin.logentry", "pk": 168, "fields": {"action_time": "2023-04-21T08:25:54.663Z", "user": 1, "content_type": 15, "object_id": "67", "object_repr": "AlphabetEntry object (67)", "action_flag": 1, "change_message": "[{\"added\": {}}]"}}, {"model": "admin.logentry", "pk": 169, "fields": {"action_time": "2023-04-21T08:26:00.989Z", "user": 1, "content_type": 15, "object_id": "68", "object_repr": "AlphabetEntry object (68)", "action_flag": 1, "change_message": "[{\"added\": {}}]"}}, {"model": "admin.logentry", "pk": 170, "fields": {"action_time": "2023-04-21T08:26:08.710Z", "user": 1, "content_type": 15, "object_id": "69", "object_repr": "AlphabetEntry object (69)", "action_flag": 1, "change_message": "[{\"added\": {}}]"}}, {"model": "admin.logentry", "pk": 171, "fields": {"action_time": "2023-04-21T08:26:17.493Z", "user": 1, "content_type": 15, "object_id": "70", "object_repr": "AlphabetEntry object (70)", "action_flag": 1, "change_message": "[{\"added\": {}}]"}}, {"model": "admin.logentry", "pk": 172, "fields": {"action_time": "2023-04-21T08:26:24.036Z", "user": 1, "content_type": 15, "object_id": "71", "object_repr": "AlphabetEntry object (71)", "action_flag": 1, "change_message": "[{\"added\": {}}]"}}, {"model": "admin.logentry", "pk": 173, "fields": {"action_time": "2023-04-21T08:26:33.110Z", "user": 1, "content_type": 15, "object_id": "72", "object_repr": "AlphabetEntry object (72)", "action_flag": 1, "change_message": "[{\"added\": {}}]"}}, {"model": "admin.logentry", "pk": 174, "fields": {"action_time": "2023-04-21T08:26:40.604Z", "user": 1, "content_type": 15, "object_id": "73", "object_repr": "AlphabetEntry object (73)", "action_flag": 1, "change_message": "[{\"added\": {}}]"}}, {"model": "admin.logentry", "pk": 175, "fields": {"action_time": "2023-04-21T08:26:48.492Z", "user": 1, "content_type": 15, "object_id": "74", "object_repr": "AlphabetEntry object (74)", "action_flag": 1, "change_message": "[{\"added\": {}}]"}}, {"model": "admin.logentry", "pk": 176, "fields": {"action_time": "2023-04-21T08:26:58.707Z", "user": 1, "content_type": 15, "object_id": "75", "object_repr": "AlphabetEntry object (75)", "action_flag": 1, "change_message": "[{\"added\": {}}]"}}, {"model": "admin.logentry", "pk": 177, "fields": {"action_time": "2023-04-21T08:27:05.128Z", "user": 1, "content_type": 15, "object_id": "76", "object_repr": "AlphabetEntry object (76)", "action_flag": 1, "change_message": "[{\"added\": {}}]"}}, {"model": "admin.logentry", "pk": 178, "fields": {"action_time": "2023-04-21T08:27:14.856Z", "user": 1, "content_type": 15, "object_id": "77", "object_repr": "AlphabetEntry object (77)", "action_flag": 1, "change_message": "[{\"added\": {}}]"}}, {"model": "admin.logentry", "pk": 179, "fields": {"action_time": "2023-04-21T08:27:22.783Z", "user": 1, "content_type": 15, "object_id": "78", "object_repr": "AlphabetEntry object (78)", "action_flag": 1, "change_message": "[{\"added\": {}}]"}}, {"model": "admin.logentry", "pk": 180, "fields": {"action_time": "2023-04-21T08:27:38.206Z", "user": 1, "content_type": 15, "object_id": "79", "object_repr": "AlphabetEntry object (79)", "action_flag": 1, "change_message": "[{\"added\": {}}]"}}, {"model": "admin.logentry", "pk": 181, "fields": {"action_time": "2023-04-21T08:27:48.588Z", "user": 1, "content_type": 15, "object_id": "80", "object_repr": "AlphabetEntry object (80)", "action_flag": 1, "change_message": "[{\"added\": {}}]"}}, {"model": "admin.logentry", "pk": 182, "fields": {"action_time": "2023-04-21T08:27:59.547Z", "user": 1, "content_type": 15, "object_id": "81", "object_repr": "AlphabetEntry object (81)", "action_flag": 1, "change_message": "[{\"added\": {}}]"}}, {"model": "admin.logentry", "pk": 183, "fields": {"action_time": "2023-04-21T08:28:11.242Z", "user": 1, "content_type": 15, "object_id": "82", "object_repr": "AlphabetEntry object (82)", "action_flag": 1, "change_message": "[{\"added\": {}}]"}}, {"model": "admin.logentry", "pk": 184, "fields": {"action_time": "2023-04-21T08:28:19.526Z", "user": 1, "content_type": 15, "object_id": "83", "object_repr": "AlphabetEntry object (83)", "action_flag": 1, "change_message": "[{\"added\": {}}]"}}, {"model": "admin.logentry", "pk": 185, "fields": {"action_time": "2023-04-21T08:28:27.542Z", "user": 1, "content_type": 15, "object_id": "84", "object_repr": "AlphabetEntry object (84)", "action_flag": 1, "change_message": "[{\"added\": {}}]"}}, {"model": "admin.logentry", "pk": 186, "fields": {"action_time": "2023-04-21T08:28:35.380Z", "user": 1, "content_type": 15, "object_id": "85", "object_repr": "AlphabetEntry object (85)", "action_flag": 1, "change_message": "[{\"added\": {}}]"}}, {"model": "admin.logentry", "pk": 187, "fields": {"action_time": "2023-04-21T08:28:41.927Z", "user": 1, "content_type": 15, "object_id": "86", "object_repr": "AlphabetEntry object (86)", "action_flag": 1, "change_message": "[{\"added\": {}}]"}}, {"model": "admin.logentry", "pk": 188, "fields": {"action_time": "2023-04-21T08:28:48.774Z", "user": 1, "content_type": 15, "object_id": "87", "object_repr": "AlphabetEntry object (87)", "action_flag": 1, "change_message": "[{\"added\": {}}]"}}, {"model": "admin.logentry", "pk": 189, "fields": {"action_time": "2023-04-21T08:28:55.662Z", "user": 1, "content_type": 15, "object_id": "88", "object_repr": "AlphabetEntry object (88)", "action_flag": 1, "change_message": "[{\"added\": {}}]"}}, {"model": "admin.logentry", "pk": 190, "fields": {"action_time": "2023-04-21T08:29:02.977Z", "user": 1, "content_type": 15, "object_id": "89", "object_repr": "AlphabetEntry object (89)", "action_flag": 1, "change_message": "[{\"added\": {}}]"}}, {"model": "admin.logentry", "pk": 191, "fields": {"action_time": "2023-04-21T08:29:10.748Z", "user": 1, "content_type": 15, "object_id": "90", "object_repr": "AlphabetEntry object (90)", "action_flag": 1, "change_message": "[{\"added\": {}}]"}}, {"model": "admin.logentry", "pk": 192, "fields": {"action_time": "2023-04-21T08:29:17.917Z", "user": 1, "content_type": 15, "object_id": "91", "object_repr": "AlphabetEntry object (91)", "action_flag": 1, "change_message": "[{\"added\": {}}]"}}, {"model": "admin.logentry", "pk": 193, "fields": {"action_time": "2023-04-21T08:29:25.948Z", "user": 1, "content_type": 15, "object_id": "92", "object_repr": "AlphabetEntry object (92)", "action_flag": 1, "change_message": "[{\"added\": {}}]"}}, {"model": "admin.logentry", "pk": 194, "fields": {"action_time": "2023-04-21T08:31:47.210Z", "user": 1, "content_type": 16, "object_id": "93", "object_repr": "きゃ", "action_flag": 1, "change_message": "[{\"added\": {}}]"}}, {"model": "admin.logentry", "pk": 195, "fields": {"action_time": "2023-04-21T08:34:08.636Z", "user": 1, "content_type": 16, "object_id": "94", "object_repr": "きゅ", "action_flag": 1, "change_message": "[{\"added\": {}}]"}}, {"model": "admin.logentry", "pk": 196, "fields": {"action_time": "2023-04-21T08:34:19.560Z", "user": 1, "content_type": 16, "object_id": "95", "object_repr": "きょ", "action_flag": 1, "change_message": "[{\"added\": {}}]"}}, {"model": "admin.logentry", "pk": 197, "fields": {"action_time": "2023-04-21T08:34:27.707Z", "user": 1, "content_type": 16, "object_id": "96", "object_repr": "しゃ", "action_flag": 1, "change_message": "[{\"added\": {}}]"}}, {"model": "admin.logentry", "pk": 198, "fields": {"action_time": "2023-04-21T08:34:37.625Z", "user": 1, "content_type": 16, "object_id": "97", "object_repr": "しゅ", "action_flag": 1, "change_message": "[{\"added\": {}}]"}}, {"model": "admin.logentry", "pk": 199, "fields": {"action_time": "2023-04-21T08:35:20.495Z", "user": 1, "content_type": 16, "object_id": "98", "object_repr": "しょ", "action_flag": 1, "change_message": "[{\"added\": {}}]"}}, {"model": "admin.logentry", "pk": 200, "fields": {"action_time": "2023-04-21T08:35:28.322Z", "user": 1, "content_type": 16, "object_id": "99", "object_repr": "ちゃ", "action_flag": 1, "change_message": "[{\"added\": {}}]"}}, {"model": "admin.logentry", "pk": 201, "fields": {"action_time": "2023-04-21T08:35:35.273Z", "user": 1, "content_type": 16, "object_id": "100", "object_repr": "ちゅ", "action_flag": 1, "change_message": "[{\"added\": {}}]"}}, {"model": "admin.logentry", "pk": 202, "fields": {"action_time": "2023-04-21T08:35:50.595Z", "user": 1, "content_type": 16, "object_id": "101", "object_repr": "ちょ", "action_flag": 1, "change_message": "[{\"added\": {}}]"}}, {"model": "admin.logentry", "pk": 203, "fields": {"action_time": "2023-04-21T08:35:57.700Z", "user": 1, "content_type": 16, "object_id": "102", "object_repr": "にゃ", "action_flag": 1, "change_message": "[{\"added\": {}}]"}}, {"model": "admin.logentry", "pk": 204, "fields": {"action_time": "2023-04-21T08:36:02.482Z", "user": 1, "content_type": 16, "object_id": "103", "object_repr": "にゅ", "action_flag": 1, "change_message": "[{\"added\": {}}]"}}, {"model": "admin.logentry", "pk": 205, "fields": {"action_time": "2023-04-21T08:36:08.083Z", "user": 1, "content_type": 16, "object_id": "104", "object_repr": "にょ", "action_flag": 1, "change_message": "[{\"added\": {}}]"}}, {"model": "admin.logentry", "pk": 206, "fields": {"action_time": "2023-04-21T08:36:18.068Z", "user": 1, "content_type": 16, "object_id": "105", "object_repr": "ひゃ", "action_flag": 1, "change_message": "[{\"added\": {}}]"}}, {"model": "admin.logentry", "pk": 207, "fields": {"action_time": "2023-04-21T08:36:23.712Z", "user": 1, "content_type": 16, "object_id": "106", "object_repr": "ひゅ", "action_flag": 1, "change_message": "[{\"added\": {}}]"}}, {"model": "admin.logentry", "pk": 208, "fields": {"action_time": "2023-04-21T08:36:30.268Z", "user": 1, "content_type": 16, "object_id": "107", "object_repr": "ひょ", "action_flag": 1, "change_message": "[{\"added\": {}}]"}}, {"model": "admin.logentry", "pk": 209, "fields": {"action_time": "2023-04-21T08:36:35.688Z", "user": 1, "content_type": 16, "object_id": "108", "object_repr": "みゃ", "action_flag": 1, "change_message": "[{\"added\": {}}]"}}, {"model": "admin.logentry", "pk": 210, "fields": {"action_time": "2023-04-21T08:36:40.827Z", "user": 1, "content_type": 16, "object_id": "109", "object_repr": "みゅ", "action_flag": 1, "change_message": "[{\"added\": {}}]"}}, {"model": "admin.logentry", "pk": 211, "fields": {"action_time": "2023-04-21T08:36:46.322Z", "user": 1, "content_type": 16, "object_id": "110", "object_repr": "みょ", "action_flag": 1, "change_message": "[{\"added\": {}}]"}}, {"model": "admin.logentry", "pk": 212, "fields": {"action_time": "2023-04-21T08:36:53.965Z", "user": 1, "content_type": 16, "object_id": "111", "object_repr": "りゃ", "action_flag": 1, "change_message": "[{\"added\": {}}]"}}, {"model": "admin.logentry", "pk": 213, "fields": {"action_time": "2023-04-21T08:37:00.102Z", "user": 1, "content_type": 16, "object_id": "112", "object_repr": "りゅ", "action_flag": 1, "change_message": "[{\"added\": {}}]"}}, {"model": "admin.logentry", "pk": 214, "fields": {"action_time": "2023-04-21T08:37:19.309Z", "user": 1, "content_type": 16, "object_id": "113", "object_repr": "りょ", "action_flag": 1, "change_message": "[{\"added\": {}}]"}}, {"model": "admin.logentry", "pk": 215, "fields": {"action_time": "2023-04-21T15:37:24.630Z", "user": 1, "content_type": 15, "object_id": "93", "object_repr": "AlphabetEntry object (93)", "action_flag": 1, "change_message": "[{\"added\": {}}]"}}, {"model": "admin.logentry", "pk": 216, "fields": {"action_time": "2023-04-21T15:37:42.664Z", "user": 1, "content_type": 15, "object_id": "94", "object_repr": "AlphabetEntry object (94)", "action_flag": 1, "change_message": "[{\"added\": {}}]"}}, {"model": "admin.logentry", "pk": 217, "fields": {"action_time": "2023-04-21T15:37:55.330Z", "user": 1, "content_type": 15, "object_id": "95", "object_repr": "AlphabetEntry object (95)", "action_flag": 1, "change_message": "[{\"added\": {}}]"}}, {"model": "admin.logentry", "pk": 218, "fields": {"action_time": "2023-04-21T15:39:09.902Z", "user": 1, "content_type": 15, "object_id": "96", "object_repr": "AlphabetEntry object (96)", "action_flag": 1, "change_message": "[{\"added\": {}}]"}}, {"model": "admin.logentry", "pk": 219, "fields": {"action_time": "2023-04-21T15:39:25.965Z", "user": 1, "content_type": 15, "object_id": "97", "object_repr": "AlphabetEntry object (97)", "action_flag": 1, "change_message": "[{\"added\": {}}]"}}, {"model": "admin.logentry", "pk": 220, "fields": {"action_time": "2023-04-21T15:39:47.196Z", "user": 1, "content_type": 15, "object_id": "98", "object_repr": "AlphabetEntry object (98)", "action_flag": 1, "change_message": "[{\"added\": {}}]"}}, {"model": "admin.logentry", "pk": 221, "fields": {"action_time": "2023-04-21T15:40:05.976Z", "user": 1, "content_type": 15, "object_id": "99", "object_repr": "AlphabetEntry object (99)", "action_flag": 1, "change_message": "[{\"added\": {}}]"}}, {"model": "admin.logentry", "pk": 222, "fields": {"action_time": "2023-04-21T15:40:22.060Z", "user": 1, "content_type": 15, "object_id": "100", "object_repr": "AlphabetEntry object (100)", "action_flag": 1, "change_message": "[{\"added\": {}}]"}}, {"model": "admin.logentry", "pk": 223, "fields": {"action_time": "2023-04-21T15:40:37.883Z", "user": 1, "content_type": 15, "object_id": "101", "object_repr": "AlphabetEntry object (101)", "action_flag": 1, "change_message": "[{\"added\": {}}]"}}, {"model": "admin.logentry", "pk": 224, "fields": {"action_time": "2023-04-21T15:40:53.658Z", "user": 1, "content_type": 15, "object_id": "102", "object_repr": "AlphabetEntry object (102)", "action_flag": 1, "change_message": "[{\"added\": {}}]"}}, {"model": "admin.logentry", "pk": 225, "fields": {"action_time": "2023-04-21T15:41:09.482Z", "user": 1, "content_type": 15, "object_id": "103", "object_repr": "AlphabetEntry object (103)", "action_flag": 1, "change_message": "[{\"added\": {}}]"}}, {"model": "admin.logentry", "pk": 226, "fields": {"action_time": "2023-04-21T15:41:22.270Z", "user": 1, "content_type": 15, "object_id": "104", "object_repr": "AlphabetEntry object (104)", "action_flag": 1, "change_message": "[{\"added\": {}}]"}}, {"model": "admin.logentry", "pk": 227, "fields": {"action_time": "2023-04-21T15:42:20.508Z", "user": 1, "content_type": 15, "object_id": "105", "object_repr": "AlphabetEntry object (105)", "action_flag": 1, "change_message": "[{\"added\": {}}]"}}, {"model": "admin.logentry", "pk": 228, "fields": {"action_time": "2023-04-21T15:42:35.462Z", "user": 1, "content_type": 15, "object_id": "106", "object_repr": "AlphabetEntry object (106)", "action_flag": 1, "change_message": "[{\"added\": {}}]"}}, {"model": "admin.logentry", "pk": 229, "fields": {"action_time": "2023-04-21T15:42:45.359Z", "user": 1, "content_type": 15, "object_id": "107", "object_repr": "AlphabetEntry object (107)", "action_flag": 1, "change_message": "[{\"added\": {}}]"}}, {"model": "admin.logentry", "pk": 230, "fields": {"action_time": "2023-04-21T15:43:05.200Z", "user": 1, "content_type": 15, "object_id": "108", "object_repr": "AlphabetEntry object (108)", "action_flag": 1, "change_message": "[{\"added\": {}}]"}}, {"model": "admin.logentry", "pk": 231, "fields": {"action_time": "2023-04-21T15:43:19.100Z", "user": 1, "content_type": 15, "object_id": "109", "object_repr": "AlphabetEntry object (109)", "action_flag": 1, "change_message": "[{\"added\": {}}]"}}, {"model": "admin.logentry", "pk": 232, "fields": {"action_time": "2023-04-21T15:43:34.292Z", "user": 1, "content_type": 15, "object_id": "110", "object_repr": "AlphabetEntry object (110)", "action_flag": 1, "change_message": "[{\"added\": {}}]"}}, {"model": "admin.logentry", "pk": 233, "fields": {"action_time": "2023-04-21T15:43:49.316Z", "user": 1, "content_type": 15, "object_id": "111", "object_repr": "AlphabetEntry object (111)", "action_flag": 1, "change_message": "[{\"added\": {}}]"}}, {"model": "admin.logentry", "pk": 234, "fields": {"action_time": "2023-04-21T15:44:05.859Z", "user": 1, "content_type": 15, "object_id": "112", "object_repr": "AlphabetEntry object (112)", "action_flag": 1, "change_message": "[{\"added\": {}}]"}}, {"model": "admin.logentry", "pk": 235, "fields": {"action_time": "2023-04-21T15:44:16.563Z", "user": 1, "content_type": 15, "object_id": "113", "object_repr": "AlphabetEntry object (113)", "action_flag": 1, "change_message": "[{\"added\": {}}]"}}, {"model": "admin.logentry", "pk": 236, "fields": {"action_time": "2023-04-21T15:45:24.831Z", "user": 1, "content_type": 16, "object_id": "114", "object_repr": "が", "action_flag": 1, "change_message": "[{\"added\": {}}]"}}, {"model": "admin.logentry", "pk": 237, "fields": {"action_time": "2023-04-21T15:45:58.452Z", "user": 1, "content_type": 16, "object_id": "115", "object_repr": "ぎ", "action_flag": 1, "change_message": "[{\"added\": {}}]"}}, {"model": "admin.logentry", "pk": 238, "fields": {"action_time": "2023-04-21T15:46:13.725Z", "user": 1, "content_type": 16, "object_id": "116", "object_repr": "ぐ", "action_flag": 1, "change_message": "[{\"added\": {}}]"}}, {"model": "admin.logentry", "pk": 239, "fields": {"action_time": "2023-04-21T15:46:24.988Z", "user": 1, "content_type": 16, "object_id": "117", "object_repr": "げ", "action_flag": 1, "change_message": "[{\"added\": {}}]"}}, {"model": "admin.logentry", "pk": 240, "fields": {"action_time": "2023-04-21T15:46:35.729Z", "user": 1, "content_type": 16, "object_id": "118", "object_repr": "ご", "action_flag": 1, "change_message": "[{\"added\": {}}]"}}, {"model": "admin.logentry", "pk": 241, "fields": {"action_time": "2023-04-21T15:47:19.188Z", "user": 1, "content_type": 16, "object_id": "119", "object_repr": "ぎゃ", "action_flag": 1, "change_message": "[{\"added\": {}}]"}}, {"model": "admin.logentry", "pk": 242, "fields": {"action_time": "2023-04-21T15:47:31.541Z", "user": 1, "content_type": 16, "object_id": "120", "object_repr": "ぎゅ", "action_flag": 1, "change_message": "[{\"added\": {}}]"}}, {"model": "admin.logentry", "pk": 243, "fields": {"action_time": "2023-04-21T15:47:46.575Z", "user": 1, "content_type": 16, "object_id": "121", "object_repr": "ぎょ", "action_flag": 1, "change_message": "[{\"added\": {}}]"}}, {"model": "admin.logentry", "pk": 244, "fields": {"action_time": "2023-04-21T15:48:53.740Z", "user": 1, "content_type": 15, "object_id": "114", "object_repr": "AlphabetEntry object (114)", "action_flag": 1, "change_message": "[{\"added\": {}}]"}}, {"model": "admin.logentry", "pk": 245, "fields": {"action_time": "2023-04-21T15:49:07.153Z", "user": 1, "content_type": 15, "object_id": "115", "object_repr": "AlphabetEntry object (115)", "action_flag": 1, "change_message": "[{\"added\": {}}]"}}, {"model": "admin.logentry", "pk": 246, "fields": {"action_time": "2023-04-21T15:49:19.288Z", "user": 1, "content_type": 15, "object_id": "116", "object_repr": "AlphabetEntry object (116)", "action_flag": 1, "change_message": "[{\"added\": {}}]"}}, {"model": "admin.logentry", "pk": 247, "fields": {"action_time": "2023-04-21T15:49:29.165Z", "user": 1, "content_type": 15, "object_id": "117", "object_repr": "AlphabetEntry object (117)", "action_flag": 1, "change_message": "[{\"added\": {}}]"}}, {"model": "admin.logentry", "pk": 248, "fields": {"action_time": "2023-04-21T15:49:39.574Z", "user": 1, "content_type": 15, "object_id": "118", "object_repr": "AlphabetEntry object (118)", "action_flag": 1, "change_message": "[{\"added\": {}}]"}}, {"model": "admin.logentry", "pk": 249, "fields": {"action_time": "2023-04-21T15:49:50.867Z", "user": 1, "content_type": 15, "object_id": "119", "object_repr": "AlphabetEntry object (119)", "action_flag": 1, "change_message": "[{\"added\": {}}]"}}, {"model": "admin.logentry", "pk": 250, "fields": {"action_time": "2023-04-21T15:50:07.604Z", "user": 1, "content_type": 15, "object_id": "120", "object_repr": "AlphabetEntry object (120)", "action_flag": 1, "change_message": "[{\"added\": {}}]"}}, {"model": "admin.logentry", "pk": 251, "fields": {"action_time": "2023-04-21T15:50:17.810Z", "user": 1, "content_type": 15, "object_id": "121", "object_repr": "AlphabetEntry object (121)", "action_flag": 1, "change_message": "[{\"added\": {}}]"}}, {"model": "admin.logentry", "pk": 252, "fields": {"action_time": "2023-04-21T15:50:45.493Z", "user": 1, "content_type": 16, "object_id": "122", "object_repr": "ざ", "action_flag": 1, "change_message": "[{\"added\": {}}]"}}, {"model": "admin.logentry", "pk": 253, "fields": {"action_time": "2023-04-21T15:51:00.183Z", "user": 1, "content_type": 16, "object_id": "123", "object_repr": "じ", "action_flag": 1, "change_message": "[{\"added\": {}}]"}}, {"model": "admin.logentry", "pk": 254, "fields": {"action_time": "2023-04-21T15:51:16.106Z", "user": 1, "content_type": 16, "object_id": "124", "object_repr": "ず", "action_flag": 1, "change_message": "[{\"added\": {}}]"}}, {"model": "admin.logentry", "pk": 255, "fields": {"action_time": "2023-04-21T15:51:33.027Z", "user": 1, "content_type": 16, "object_id": "125", "object_repr": "ぜ", "action_flag": 1, "change_message": "[{\"added\": {}}]"}}, {"model": "admin.logentry", "pk": 256, "fields": {"action_time": "2023-04-21T15:51:47.869Z", "user": 1, "content_type": 16, "object_id": "126", "object_repr": "ぞ", "action_flag": 1, "change_message": "[{\"added\": {}}]"}}, {"model": "admin.logentry", "pk": 257, "fields": {"action_time": "2023-04-21T15:52:24.041Z", "user": 1, "content_type": 16, "object_id": "127", "object_repr": "じゃ", "action_flag": 1, "change_message": "[{\"added\": {}}]"}}, {"model": "admin.logentry", "pk": 258, "fields": {"action_time": "2023-04-21T15:52:37.374Z", "user": 1, "content_type": 16, "object_id": "128", "object_repr": "じゅ", "action_flag": 1, "change_message": "[{\"added\": {}}]"}}, {"model": "admin.logentry", "pk": 259, "fields": {"action_time": "2023-04-21T15:52:47.735Z", "user": 1, "content_type": 16, "object_id": "129", "object_repr": "じょ", "action_flag": 1, "change_message": "[{\"added\": {}}]"}}, {"model": "admin.logentry", "pk": 260, "fields": {"action_time": "2023-04-21T15:53:27.491Z", "user": 1, "content_type": 15, "object_id": "122", "object_repr": "AlphabetEntry object (122)", "action_flag": 1, "change_message": "[{\"added\": {}}]"}}, {"model": "admin.logentry", "pk": 261, "fields": {"action_time": "2023-04-21T15:53:49.881Z", "user": 1, "content_type": 15, "object_id": "123", "object_repr": "AlphabetEntry object (123)", "action_flag": 1, "change_message": "[{\"added\": {}}]"}}, {"model": "admin.logentry", "pk": 262, "fields": {"action_time": "2023-04-21T15:54:08.961Z", "user": 1, "content_type": 15, "object_id": "124", "object_repr": "AlphabetEntry object (124)", "action_flag": 1, "change_message": "[{\"added\": {}}]"}}, {"model": "admin.logentry", "pk": 263, "fields": {"action_time": "2023-04-21T15:54:19.142Z", "user": 1, "content_type": 15, "object_id": "125", "object_repr": "AlphabetEntry object (125)", "action_flag": 1, "change_message": "[{\"added\": {}}]"}}, {"model": "admin.logentry", "pk": 264, "fields": {"action_time": "2023-04-21T15:54:28.450Z", "user": 1, "content_type": 15, "object_id": "126", "object_repr": "AlphabetEntry object (126)", "action_flag": 1, "change_message": "[{\"added\": {}}]"}}, {"model": "admin.logentry", "pk": 265, "fields": {"action_time": "2023-04-21T15:54:39.448Z", "user": 1, "content_type": 15, "object_id": "127", "object_repr": "AlphabetEntry object (127)", "action_flag": 1, "change_message": "[{\"added\": {}}]"}}, {"model": "admin.logentry", "pk": 266, "fields": {"action_time": "2023-04-21T15:54:50.872Z", "user": 1, "content_type": 15, "object_id": "128", "object_repr": "AlphabetEntry object (128)", "action_flag": 1, "change_message": "[{\"added\": {}}]"}}, {"model": "admin.logentry", "pk": 267, "fields": {"action_time": "2023-04-21T15:55:00.429Z", "user": 1, "content_type": 15, "object_id": "129", "object_repr": "AlphabetEntry object (129)", "action_flag": 1, "change_message": "[{\"added\": {}}]"}}, {"model": "admin.logentry", "pk": 268, "fields": {"action_time": "2023-04-21T18:57:29.417Z", "user": 1, "content_type": 16, "object_id": "130", "object_repr": "だ", "action_flag": 1, "change_message": "[{\"added\": {}}]"}}, {"model": "admin.logentry", "pk": 269, "fields": {"action_time": "2023-04-21T18:59:02.719Z", "user": 1, "content_type": 16, "object_id": "131", "object_repr": "ぢ", "action_flag": 1, "change_message": "[{\"added\": {}}]"}}, {"model": "admin.logentry", "pk": 270, "fields": {"action_time": "2023-04-21T18:59:26.321Z", "user": 1, "content_type": 16, "object_id": "132", "object_repr": "づ", "action_flag": 1, "change_message": "[{\"added\": {}}]"}}, {"model": "admin.logentry", "pk": 271, "fields": {"action_time": "2023-04-21T18:59:31.376Z", "user": 1, "content_type": 16, "object_id": "133", "object_repr": "で", "action_flag": 1, "change_message": "[{\"added\": {}}]"}}, {"model": "admin.logentry", "pk": 272, "fields": {"action_time": "2023-04-21T18:59:37.447Z", "user": 1, "content_type": 16, "object_id": "134", "object_repr": "ど", "action_flag": 1, "change_message": "[{\"added\": {}}]"}}, {"model": "admin.logentry", "pk": 273, "fields": {"action_time": "2023-04-21T18:59:44.954Z", "user": 1, "content_type": 16, "object_id": "135", "object_repr": "ぢゃ", "action_flag": 1, "change_message": "[{\"added\": {}}]"}}, {"model": "admin.logentry", "pk": 274, "fields": {"action_time": "2023-04-21T18:59:51.914Z", "user": 1, "content_type": 16, "object_id": "136", "object_repr": "ぢゅ", "action_flag": 1, "change_message": "[{\"added\": {}}]"}}, {"model": "admin.logentry", "pk": 275, "fields": {"action_time": "2023-04-21T18:59:58.734Z", "user": 1, "content_type": 16, "object_id": "137", "object_repr": "ぢょ", "action_flag": 1, "change_message": "[{\"added\": {}}]"}}, {"model": "admin.logentry", "pk": 276, "fields": {"action_time": "2023-04-21T19:00:19.611Z", "user": 1, "content_type": 15, "object_id": "130", "object_repr": "AlphabetEntry object (130)", "action_flag": 1, "change_message": "[{\"added\": {}}]"}}, {"model": "admin.logentry", "pk": 277, "fields": {"action_time": "2023-04-21T19:00:29.864Z", "user": 1, "content_type": 15, "object_id": "131", "object_repr": "AlphabetEntry object (131)", "action_flag": 1, "change_message": "[{\"added\": {}}]"}}, {"model": "admin.logentry", "pk": 278, "fields": {"action_time": "2023-04-21T19:00:39.543Z", "user": 1, "content_type": 15, "object_id": "132", "object_repr": "AlphabetEntry object (132)", "action_flag": 1, "change_message": "[{\"added\": {}}]"}}, {"model": "admin.logentry", "pk": 279, "fields": {"action_time": "2023-04-21T19:00:51.811Z", "user": 1, "content_type": 15, "object_id": "133", "object_repr": "AlphabetEntry object (133)", "action_flag": 1, "change_message": "[{\"added\": {}}]"}}, {"model": "admin.logentry", "pk": 280, "fields": {"action_time": "2023-04-21T19:00:59.509Z", "user": 1, "content_type": 15, "object_id": "134", "object_repr": "AlphabetEntry object (134)", "action_flag": 1, "change_message": "[{\"added\": {}}]"}}, {"model": "admin.logentry", "pk": 281, "fields": {"action_time": "2023-04-21T19:01:09.353Z", "user": 1, "content_type": 15, "object_id": "135", "object_repr": "AlphabetEntry object (135)", "action_flag": 1, "change_message": "[{\"added\": {}}]"}}, {"model": "admin.logentry", "pk": 282, "fields": {"action_time": "2023-04-21T19:01:16.488Z", "user": 1, "content_type": 15, "object_id": "136", "object_repr": "AlphabetEntry object (136)", "action_flag": 1, "change_message": "[{\"added\": {}}]"}}, {"model": "admin.logentry", "pk": 283, "fields": {"action_time": "2023-04-21T19:01:22.691Z", "user": 1, "content_type": 15, "object_id": "137", "object_repr": "AlphabetEntry object (137)", "action_flag": 1, "change_message": "[{\"added\": {}}]"}}, {"model": "admin.logentry", "pk": 284, "fields": {"action_time": "2023-04-21T19:01:42.781Z", "user": 1, "content_type": 16, "object_id": "138", "object_repr": "ば", "action_flag": 1, "change_message": "[{\"added\": {}}]"}}, {"model": "admin.logentry", "pk": 285, "fields": {"action_time": "2023-04-21T19:01:50.982Z", "user": 1, "content_type": 16, "object_id": "139", "object_repr": "び", "action_flag": 1, "change_message": "[{\"added\": {}}]"}}, {"model": "admin.logentry", "pk": 286, "fields": {"action_time": "2023-04-21T19:01:59.214Z", "user": 1, "content_type": 16, "object_id": "140", "object_repr": "ぶ", "action_flag": 1, "change_message": "[{\"added\": {}}]"}}, {"model": "admin.logentry", "pk": 287, "fields": {"action_time": "2023-04-21T19:02:04.561Z", "user": 1, "content_type": 16, "object_id": "141", "object_repr": "べ", "action_flag": 1, "change_message": "[{\"added\": {}}]"}}, {"model": "admin.logentry", "pk": 288, "fields": {"action_time": "2023-04-21T19:02:09.831Z", "user": 1, "content_type": 16, "object_id": "142", "object_repr": "ぼ", "action_flag": 1, "change_message": "[{\"added\": {}}]"}}, {"model": "admin.logentry", "pk": 289, "fields": {"action_time": "2023-04-21T19:02:15.237Z", "user": 1, "content_type": 16, "object_id": "143", "object_repr": "びゃ", "action_flag": 1, "change_message": "[{\"added\": {}}]"}}, {"model": "admin.logentry", "pk": 290, "fields": {"action_time": "2023-04-21T19:02:19.361Z", "user": 1, "content_type": 16, "object_id": "144", "object_repr": "びゅ", "action_flag": 1, "change_message": "[{\"added\": {}}]"}}, {"model": "admin.logentry", "pk": 291, "fields": {"action_time": "2023-04-21T19:02:25.951Z", "user": 1, "content_type": 16, "object_id": "145", "object_repr": "びょ", "action_flag": 1, "change_message": "[{\"added\": {}}]"}}, {"model": "admin.logentry", "pk": 292, "fields": {"action_time": "2023-04-21T19:02:40.102Z", "user": 1, "content_type": 15, "object_id": "138", "object_repr": "AlphabetEntry object (138)", "action_flag": 1, "change_message": "[{\"added\": {}}]"}}, {"model": "admin.logentry", "pk": 293, "fields": {"action_time": "2023-04-21T19:02:49.653Z", "user": 1, "content_type": 15, "object_id": "139", "object_repr": "AlphabetEntry object (139)", "action_flag": 1, "change_message": "[{\"added\": {}}]"}}, {"model": "admin.logentry", "pk": 294, "fields": {"action_time": "2023-04-21T19:03:01.269Z", "user": 1, "content_type": 15, "object_id": "140", "object_repr": "AlphabetEntry object (140)", "action_flag": 1, "change_message": "[{\"added\": {}}]"}}, {"model": "admin.logentry", "pk": 295, "fields": {"action_time": "2023-04-21T19:03:10.315Z", "user": 1, "content_type": 15, "object_id": "141", "object_repr": "AlphabetEntry object (141)", "action_flag": 1, "change_message": "[{\"added\": {}}]"}}, {"model": "admin.logentry", "pk": 296, "fields": {"action_time": "2023-04-21T19:03:16.790Z", "user": 1, "content_type": 15, "object_id": "142", "object_repr": "AlphabetEntry object (142)", "action_flag": 1, "change_message": "[{\"added\": {}}]"}}, {"model": "admin.logentry", "pk": 297, "fields": {"action_time": "2023-04-21T19:03:22.861Z", "user": 1, "content_type": 15, "object_id": "143", "object_repr": "AlphabetEntry object (143)", "action_flag": 1, "change_message": "[{\"added\": {}}]"}}, {"model": "admin.logentry", "pk": 298, "fields": {"action_time": "2023-04-21T19:03:31.173Z", "user": 1, "content_type": 15, "object_id": "144", "object_repr": "AlphabetEntry object (144)", "action_flag": 1, "change_message": "[{\"added\": {}}]"}}, {"model": "admin.logentry", "pk": 299, "fields": {"action_time": "2023-04-21T19:03:38.787Z", "user": 1, "content_type": 15, "object_id": "145", "object_repr": "AlphabetEntry object (145)", "action_flag": 1, "change_message": "[{\"added\": {}}]"}}, {"model": "admin.logentry", "pk": 300, "fields": {"action_time": "2023-04-21T19:03:48.097Z", "user": 1, "content_type": 16, "object_id": "146", "object_repr": "ぱ", "action_flag": 1, "change_message": "[{\"added\": {}}]"}}, {"model": "admin.logentry", "pk": 301, "fields": {"action_time": "2023-04-21T19:03:53.854Z", "user": 1, "content_type": 16, "object_id": "147", "object_repr": "ぴ", "action_flag": 1, "change_message": "[{\"added\": {}}]"}}, {"model": "admin.logentry", "pk": 302, "fields": {"action_time": "2023-04-21T19:03:59.955Z", "user": 1, "content_type": 16, "object_id": "148", "object_repr": "ぷ", "action_flag": 1, "change_message": "[{\"added\": {}}]"}}, {"model": "admin.logentry", "pk": 303, "fields": {"action_time": "2023-04-21T19:04:04.893Z", "user": 1, "content_type": 16, "object_id": "149", "object_repr": "ぺ", "action_flag": 1, "change_message": "[{\"added\": {}}]"}}, {"model": "admin.logentry", "pk": 304, "fields": {"action_time": "2023-04-21T19:04:08.990Z", "user": 1, "content_type": 16, "object_id": "150", "object_repr": "ぽ", "action_flag": 1, "change_message": "[{\"added\": {}}]"}}, {"model": "admin.logentry", "pk": 305, "fields": {"action_time": "2023-04-21T19:04:14.677Z", "user": 1, "content_type": 16, "object_id": "151", "object_repr": "ぴゃ", "action_flag": 1, "change_message": "[{\"added\": {}}]"}}, {"model": "admin.logentry", "pk": 306, "fields": {"action_time": "2023-04-21T19:04:20.580Z", "user": 1, "content_type": 16, "object_id": "152", "object_repr": "ぴゅ", "action_flag": 1, "change_message": "[{\"added\": {}}]"}}, {"model": "admin.logentry", "pk": 307, "fields": {"action_time": "2023-04-21T19:04:26.160Z", "user": 1, "content_type": 16, "object_id": "153", "object_repr": "ぴょ", "action_flag": 1, "change_message": "[{\"added\": {}}]"}}, {"model": "admin.logentry", "pk": 308, "fields": {"action_time": "2023-04-22T20:01:38.838Z", "user": 1, "content_type": 16, "object_id": "154", "object_repr": "キャ", "action_flag": 1, "change_message": "[{\"added\": {}}]"}}, {"model": "admin.logentry", "pk": 309, "fields": {"action_time": "2023-04-22T20:01:45.932Z", "user": 1, "content_type": 16, "object_id": "155", "object_repr": "キュ", "action_flag": 1, "change_message": "[{\"added\": {}}]"}}, {"model": "admin.logentry", "pk": 310, "fields": {"action_time": "2023-04-22T20:01:55.489Z", "user": 1, "content_type": 16, "object_id": "156", "object_repr": "キョ", "action_flag": 1, "change_message": "[{\"added\": {}}]"}}, {"model": "admin.logentry", "pk": 311, "fields": {"action_time": "2023-04-22T20:02:01.898Z", "user": 1, "content_type": 16, "object_id": "157", "object_repr": "シャ", "action_flag": 1, "change_message": "[{\"added\": {}}]"}}, {"model": "admin.logentry", "pk": 312, "fields": {"action_time": "2023-04-22T20:02:14.187Z", "user": 1, "content_type": 16, "object_id": "158", "object_repr": "シュ", "action_flag": 1, "change_message": "[{\"added\": {}}]"}}, {"model": "admin.logentry", "pk": 313, "fields": {"action_time": "2023-04-22T20:02:20.724Z", "user": 1, "content_type": 16, "object_id": "159", "object_repr": "ショ", "action_flag": 1, "change_message": "[{\"added\": {}}]"}}, {"model": "admin.logentry", "pk": 314, "fields": {"action_time": "2023-04-22T20:02:27.885Z", "user": 1, "content_type": 16, "object_id": "157", "object_repr": "シャ", "action_flag": 2, "change_message": "[{\"changed\": {\"fields\": [\"\\u0422\\u0440\\u0430\\u043d\\u0441\\u043a\\u0440\\u0438\\u043f\\u0446\\u0438\\u044f\"]}}]"}}, {"model": "admin.logentry", "pk": 315, "fields": {"action_time": "2023-04-22T20:02:36.965Z", "user": 1, "content_type": 16, "object_id": "160", "object_repr": "チャ", "action_flag": 1, "change_message": "[{\"added\": {}}]"}}, {"model": "admin.logentry", "pk": 316, "fields": {"action_time": "2023-04-22T20:02:42.428Z", "user": 1, "content_type": 16, "object_id": "161", "object_repr": "チュ", "action_flag": 1, "change_message": "[{\"added\": {}}]"}}, {"model": "admin.logentry", "pk": 317, "fields": {"action_time": "2023-04-22T20:02:47.614Z", "user": 1, "content_type": 16, "object_id": "162", "object_repr": "チョ", "action_flag": 1, "change_message": "[{\"added\": {}}]"}}, {"model": "admin.logentry", "pk": 318, "fields": {"action_time": "2023-04-22T20:02:52.870Z", "user": 1, "content_type": 16, "object_id": "163", "object_repr": "ニャ", "action_flag": 1, "change_message": "[{\"added\": {}}]"}}, {"model": "admin.logentry", "pk": 319, "fields": {"action_time": "2023-04-22T20:02:57.951Z", "user": 1, "content_type": 16, "object_id": "164", "object_repr": "ニュ", "action_flag": 1, "change_message": "[{\"added\": {}}]"}}, {"model": "admin.logentry", "pk": 320, "fields": {"action_time": "2023-04-22T20:03:05.380Z", "user": 1, "content_type": 16, "object_id": "165", "object_repr": "ニョ", "action_flag": 1, "change_message": "[{\"added\": {}}]"}}, {"model": "admin.logentry", "pk": 321, "fields": {"action_time": "2023-04-22T20:03:10.372Z", "user": 1, "content_type": 16, "object_id": "166", "object_repr": "ヒャ", "action_flag": 1, "change_message": "[{\"added\": {}}]"}}, {"model": "admin.logentry", "pk": 322, "fields": {"action_time": "2023-04-22T20:03:15.796Z", "user": 1, "content_type": 16, "object_id": "167", "object_repr": "ヒュ", "action_flag": 1, "change_message": "[{\"added\": {}}]"}}, {"model": "admin.logentry", "pk": 323, "fields": {"action_time": "2023-04-22T20:03:21.521Z", "user": 1, "content_type": 16, "object_id": "168", "object_repr": "ヒョ", "action_flag": 1, "change_message": "[{\"added\": {}}]"}}, {"model": "admin.logentry", "pk": 324, "fields": {"action_time": "2023-04-22T20:03:27.920Z", "user": 1, "content_type": 16, "object_id": "169", "object_repr": "ミャ", "action_flag": 1, "change_message": "[{\"added\": {}}]"}}, {"model": "admin.logentry", "pk": 325, "fields": {"action_time": "2023-04-22T20:03:33.266Z", "user": 1, "content_type": 16, "object_id": "170", "object_repr": "ミュ", "action_flag": 1, "change_message": "[{\"added\": {}}]"}}, {"model": "admin.logentry", "pk": 326, "fields": {"action_time": "2023-04-22T20:03:38.587Z", "user": 1, "content_type": 16, "object_id": "171", "object_repr": "ミョ", "action_flag": 1, "change_message": "[{\"added\": {}}]"}}, {"model": "admin.logentry", "pk": 327, "fields": {"action_time": "2023-04-22T20:03:45.109Z", "user": 1, "content_type": 16, "object_id": "172", "object_repr": "リャ", "action_flag": 1, "change_message": "[{\"added\": {}}]"}}, {"model": "admin.logentry", "pk": 328, "fields": {"action_time": "2023-04-22T20:03:50.963Z", "user": 1, "content_type": 16, "object_id": "173", "object_repr": "リュ", "action_flag": 1, "change_message": "[{\"added\": {}}]"}}, {"model": "admin.logentry", "pk": 329, "fields": {"action_time": "2023-04-22T20:03:56.855Z", "user": 1, "content_type": 16, "object_id": "174", "object_repr": "リョ", "action_flag": 1, "change_message": "[{\"added\": {}}]"}}, {"model": "admin.logentry", "pk": 330, "fields": {"action_time": "2023-04-22T20:05:01.210Z", "user": 1, "content_type": 15, "object_id": "146", "object_repr": "キャ (片仮名)", "action_flag": 1, "change_message": "[{\"added\": {}}]"}}, {"model": "admin.logentry", "pk": 331, "fields": {"action_time": "2023-04-22T20:05:14.077Z", "user": 1, "content_type": 15, "object_id": "147", "object_repr": "キュ (片仮名)", "action_flag": 1, "change_message": "[{\"added\": {}}]"}}, {"model": "admin.logentry", "pk": 332, "fields": {"action_time": "2023-04-22T20:05:31.133Z", "user": 1, "content_type": 15, "object_id": "148", "object_repr": "キョ (片仮名)", "action_flag": 1, "change_message": "[{\"added\": {}}]"}}, {"model": "admin.logentry", "pk": 333, "fields": {"action_time": "2023-04-22T20:05:55.324Z", "user": 1, "content_type": 15, "object_id": "149", "object_repr": "シュ (片仮名)", "action_flag": 1, "change_message": "[{\"added\": {}}]"}}, {"model": "admin.logentry", "pk": 334, "fields": {"action_time": "2023-04-22T20:06:30.328Z", "user": 1, "content_type": 15, "object_id": "149", "object_repr": "シャ (片仮名)", "action_flag": 2, "change_message": "[{\"changed\": {\"fields\": [\"\\u042f\\u0437\\u044b\\u043a\"]}}]"}}, {"model": "admin.logentry", "pk": 335, "fields": {"action_time": "2023-04-22T20:13:29.310Z", "user": 1, "content_type": 15, "object_id": "150", "object_repr": "シュ (片仮名)", "action_flag": 1, "change_message": "[{\"added\": {}}]"}}, {"model": "admin.logentry", "pk": 336, "fields": {"action_time": "2023-04-22T20:13:42.023Z", "user": 1, "content_type": 15, "object_id": "151", "object_repr": "ショ (片仮名)", "action_flag": 1, "change_message": "[{\"added\": {}}]"}}, {"model": "admin.logentry", "pk": 337, "fields": {"action_time": "2023-04-22T20:15:00.618Z", "user": 1, "content_type": 15, "object_id": "152", "object_repr": "チャ (片仮名)", "action_flag": 1, "change_message": "[{\"added\": {}}]"}}, {"model": "admin.logentry", "pk": 338, "fields": {"action_time": "2023-04-22T20:15:11.442Z", "user": 1, "content_type": 15, "object_id": "153", "object_repr": "チュ (片仮名)", "action_flag": 1, "change_message": "[{\"added\": {}}]"}}, {"model": "admin.logentry", "pk": 339, "fields": {"action_time": "2023-04-22T20:15:20.679Z", "user": 1, "content_type": 15, "object_id": "154", "object_repr": "チョ (片仮名)", "action_flag": 1, "change_message": "[{\"added\": {}}]"}}, {"model": "admin.logentry", "pk": 340, "fields": {"action_time": "2023-04-22T20:15:35.008Z", "user": 1, "content_type": 15, "object_id": "155", "object_repr": "ニャ (片仮名)", "action_flag": 1, "change_message": "[{\"added\": {}}]"}}, {"model": "admin.logentry", "pk": 341, "fields": {"action_time": "2023-04-22T20:15:47.579Z", "user": 1, "content_type": 15, "object_id": "156", "object_repr": "ニュ (片仮名)", "action_flag": 1, "change_message": "[{\"added\": {}}]"}}, {"model": "admin.logentry", "pk": 342, "fields": {"action_time": "2023-04-22T20:16:00.087Z", "user": 1, "content_type": 15, "object_id": "157", "object_repr": "ニョ (片仮名)", "action_flag": 1, "change_message": "[{\"added\": {}}]"}}, {"model": "admin.logentry", "pk": 343, "fields": {"action_time": "2023-04-22T20:19:03.160Z", "user": 1, "content_type": 15, "object_id": "158", "object_repr": "ヒャ (片仮名)", "action_flag": 1, "change_message": "[{\"added\": {}}]"}}, {"model": "admin.logentry", "pk": 344, "fields": {"action_time": "2023-04-22T20:19:18.106Z", "user": 1, "content_type": 15, "object_id": "159", "object_repr": "ヒュ (片仮名)", "action_flag": 1, "change_message": "[{\"added\": {}}]"}}, {"model": "admin.logentry", "pk": 345, "fields": {"action_time": "2023-04-22T20:19:26.391Z", "user": 1, "content_type": 15, "object_id": "160", "object_repr": "ヒョ (片仮名)", "action_flag": 1, "change_message": "[{\"added\": {}}]"}}, {"model": "admin.logentry", "pk": 346, "fields": {"action_time": "2023-04-22T20:19:40.264Z", "user": 1, "content_type": 15, "object_id": "161", "object_repr": "ミャ (片仮名)", "action_flag": 1, "change_message": "[{\"added\": {}}]"}}, {"model": "admin.logentry", "pk": 347, "fields": {"action_time": "2023-04-22T20:19:51.717Z", "user": 1, "content_type": 15, "object_id": "162", "object_repr": "ミュ (片仮名)", "action_flag": 1, "change_message": "[{\"added\": {}}]"}}, {"model": "admin.logentry", "pk": 348, "fields": {"action_time": "2023-04-22T20:20:05.899Z", "user": 1, "content_type": 15, "object_id": "163", "object_repr": "ミョ (片仮名)", "action_flag": 1, "change_message": "[{\"added\": {}}]"}}, {"model": "admin.logentry", "pk": 349, "fields": {"action_time": "2023-04-22T20:20:30.791Z", "user": 1, "content_type": 15, "object_id": "164", "object_repr": "リャ (片仮名)", "action_flag": 1, "change_message": "[{\"added\": {}}]"}}, {"model": "admin.logentry", "pk": 350, "fields": {"action_time": "2023-04-22T20:20:40.728Z", "user": 1, "content_type": 15, "object_id": "165", "object_repr": "リュ (片仮名)", "action_flag": 1, "change_message": "[{\"added\": {}}]"}}, {"model": "admin.logentry", "pk": 351, "fields": {"action_time": "2023-04-22T20:20:51.980Z", "user": 1, "content_type": 15, "object_id": "166", "object_repr": "リョ (片仮名)", "action_flag": 1, "change_message": "[{\"added\": {}}]"}}, {"model": "admin.logentry", "pk": 352, "fields": {"action_time": "2023-04-22T20:21:31.657Z", "user": 1, "content_type": 16, "object_id": "175", "object_repr": "ガ", "action_flag": 1, "change_message": "[{\"added\": {}}]"}}, {"model": "admin.logentry", "pk": 353, "fields": {"action_time": "2023-04-22T20:21:36.933Z", "user": 1, "content_type": 16, "object_id": "176", "object_repr": "ギ", "action_flag": 1, "change_message": "[{\"added\": {}}]"}}, {"model": "admin.logentry", "pk": 354, "fields": {"action_time": "2023-04-22T20:21:41.622Z", "user": 1, "content_type": 16, "object_id": "177", "object_repr": "グ", "action_flag": 1, "change_message": "[{\"added\": {}}]"}}, {"model": "admin.logentry", "pk": 355, "fields": {"action_time": "2023-04-22T20:21:45.764Z", "user": 1, "content_type": 16, "object_id": "178", "object_repr": "ゲ", "action_flag": 1, "change_message": "[{\"added\": {}}]"}}, {"model": "admin.logentry", "pk": 356, "fields": {"action_time": "2023-04-22T20:21:51.193Z", "user": 1, "content_type": 16, "object_id": "179", "object_repr": "ゴ", "action_flag": 1, "change_message": "[{\"added\": {}}]"}}, {"model": "admin.logentry", "pk": 357, "fields": {"action_time": "2023-04-22T20:21:56.517Z", "user": 1, "content_type": 16, "object_id": "180", "object_repr": "ギャ", "action_flag": 1, "change_message": "[{\"added\": {}}]"}}, {"model": "admin.logentry", "pk": 358, "fields": {"action_time": "2023-04-22T20:22:01.444Z", "user": 1, "content_type": 16, "object_id": "181", "object_repr": "ギュ", "action_flag": 1, "change_message": "[{\"added\": {}}]"}}, {"model": "admin.logentry", "pk": 359, "fields": {"action_time": "2023-04-22T20:22:06.855Z", "user": 1, "content_type": 16, "object_id": "182", "object_repr": "ギョ", "action_flag": 1, "change_message": "[{\"added\": {}}]"}}, {"model": "admin.logentry", "pk": 360, "fields": {"action_time": "2023-04-22T20:22:28.447Z", "user": 1, "content_type": 15, "object_id": "167", "object_repr": "ガ (片仮名)", "action_flag": 1, "change_message": "[{\"added\": {}}]"}}, {"model": "admin.logentry", "pk": 361, "fields": {"action_time": "2023-04-22T20:23:22.383Z", "user": 1, "content_type": 15, "object_id": "168", "object_repr": "ギ (片仮名)", "action_flag": 1, "change_message": "[{\"added\": {}}]"}}, {"model": "admin.logentry", "pk": 362, "fields": {"action_time": "2023-04-22T20:23:30.295Z", "user": 1, "content_type": 15, "object_id": "169", "object_repr": "グ (片仮名)", "action_flag": 1, "change_message": "[{\"added\": {}}]"}}, {"model": "admin.logentry", "pk": 363, "fields": {"action_time": "2023-04-22T20:23:42.337Z", "user": 1, "content_type": 15, "object_id": "170", "object_repr": "ゲ (片仮名)", "action_flag": 1, "change_message": "[{\"added\": {}}]"}}, {"model": "admin.logentry", "pk": 364, "fields": {"action_time": "2023-04-22T20:24:04.291Z", "user": 1, "content_type": 15, "object_id": "171", "object_repr": "ゴ (片仮名)", "action_flag": 1, "change_message": "[{\"added\": {}}]"}}, {"model": "admin.logentry", "pk": 365, "fields": {"action_time": "2023-04-22T20:24:43.012Z", "user": 1, "content_type": 15, "object_id": "172", "object_repr": "ギャ (片仮名)", "action_flag": 1, "change_message": "[{\"added\": {}}]"}}, {"model": "admin.logentry", "pk": 366, "fields": {"action_time": "2023-04-22T20:24:58.617Z", "user": 1, "content_type": 15, "object_id": "173", "object_repr": "ギュ (片仮名)", "action_flag": 1, "change_message": "[{\"added\": {}}]"}}, {"model": "admin.logentry", "pk": 367, "fields": {"action_time": "2023-04-22T20:25:08.135Z", "user": 1, "content_type": 15, "object_id": "174", "object_repr": "ギョ (片仮名)", "action_flag": 1, "change_message": "[{\"added\": {}}]"}}, {"model": "admin.logentry", "pk": 368, "fields": {"action_time": "2023-04-22T20:25:18.954Z", "user": 1, "content_type": 16, "object_id": "183", "object_repr": "ザ", "action_flag": 1, "change_message": "[{\"added\": {}}]"}}, {"model": "admin.logentry", "pk": 369, "fields": {"action_time": "2023-04-22T20:25:29.654Z", "user": 1, "content_type": 16, "object_id": "184", "object_repr": "ジ", "action_flag": 1, "change_message": "[{\"added\": {}}]"}}, {"model": "admin.logentry", "pk": 370, "fields": {"action_time": "2023-04-22T20:25:34.939Z", "user": 1, "content_type": 16, "object_id": "185", "object_repr": "ズ", "action_flag": 1, "change_message": "[{\"added\": {}}]"}}, {"model": "admin.logentry", "pk": 371, "fields": {"action_time": "2023-04-22T20:25:39.376Z", "user": 1, "content_type": 16, "object_id": "186", "object_repr": "ゼ", "action_flag": 1, "change_message": "[{\"added\": {}}]"}}, {"model": "admin.logentry", "pk": 372, "fields": {"action_time": "2023-04-22T20:26:01.555Z", "user": 1, "content_type": 16, "object_id": "187", "object_repr": "ゾ", "action_flag": 1, "change_message": "[{\"added\": {}}]"}}, {"model": "admin.logentry", "pk": 373, "fields": {"action_time": "2023-04-22T20:26:19.266Z", "user": 1, "content_type": 16, "object_id": "188", "object_repr": "ジャ", "action_flag": 1, "change_message": "[{\"added\": {}}]"}}, {"model": "admin.logentry", "pk": 374, "fields": {"action_time": "2023-04-22T20:26:25.178Z", "user": 1, "content_type": 16, "object_id": "189", "object_repr": "ジュ", "action_flag": 1, "change_message": "[{\"added\": {}}]"}}, {"model": "admin.logentry", "pk": 375, "fields": {"action_time": "2023-04-22T20:26:31.073Z", "user": 1, "content_type": 16, "object_id": "190", "object_repr": "ジョ", "action_flag": 1, "change_message": "[{\"added\": {}}]"}}, {"model": "admin.logentry", "pk": 376, "fields": {"action_time": "2023-04-22T20:26:37.152Z", "user": 1, "content_type": 16, "object_id": "189", "object_repr": "ジュ", "action_flag": 2, "change_message": "[{\"changed\": {\"fields\": [\"\\u0422\\u0440\\u0430\\u043d\\u0441\\u043a\\u0440\\u0438\\u043f\\u0446\\u0438\\u044f\"]}}]"}}, {"model": "admin.logentry", "pk": 377, "fields": {"action_time": "2023-04-22T20:26:51.470Z", "user": 1, "content_type": 15, "object_id": "175", "object_repr": "ザ (片仮名)", "action_flag": 1, "change_message": "[{\"added\": {}}]"}}, {"model": "admin.logentry", "pk": 378, "fields": {"action_time": "2023-04-22T20:27:00.494Z", "user": 1, "content_type": 15, "object_id": "176", "object_repr": "ジ (片仮名)", "action_flag": 1, "change_message": "[{\"added\": {}}]"}}, {"model": "admin.logentry", "pk": 379, "fields": {"action_time": "2023-04-22T20:27:08.370Z", "user": 1, "content_type": 15, "object_id": "177", "object_repr": "ズ (片仮名)", "action_flag": 1, "change_message": "[{\"added\": {}}]"}}, {"model": "admin.logentry", "pk": 380, "fields": {"action_time": "2023-04-22T20:27:20.201Z", "user": 1, "content_type": 15, "object_id": "178", "object_repr": "ゼ (片仮名)", "action_flag": 1, "change_message": "[{\"added\": {}}]"}}, {"model": "admin.logentry", "pk": 381, "fields": {"action_time": "2023-04-22T20:27:27.534Z", "user": 1, "content_type": 15, "object_id": "179", "object_repr": "ゾ (片仮名)", "action_flag": 1, "change_message": "[{\"added\": {}}]"}}, {"model": "admin.logentry", "pk": 382, "fields": {"action_time": "2023-04-22T20:27:37.757Z", "user": 1, "content_type": 15, "object_id": "180", "object_repr": "ジャ (片仮名)", "action_flag": 1, "change_message": "[{\"added\": {}}]"}}, {"model": "admin.logentry", "pk": 383, "fields": {"action_time": "2023-04-22T20:27:46.171Z", "user": 1, "content_type": 15, "object_id": "181", "object_repr": "ジュ (片仮名)", "action_flag": 1, "change_message": "[{\"added\": {}}]"}}, {"model": "admin.logentry", "pk": 384, "fields": {"action_time": "2023-04-22T20:27:52.533Z", "user": 1, "content_type": 15, "object_id": "182", "object_repr": "ジョ (片仮名)", "action_flag": 1, "change_message": "[{\"added\": {}}]"}}, {"model": "admin.logentry", "pk": 385, "fields": {"action_time": "2023-04-22T20:28:00.480Z", "user": 1, "content_type": 16, "object_id": "191", "object_repr": "ダ", "action_flag": 1, "change_message": "[{\"added\": {}}]"}}, {"model": "admin.logentry", "pk": 386, "fields": {"action_time": "2023-04-22T20:28:05.671Z", "user": 1, "content_type": 16, "object_id": "192", "object_repr": "ヂ", "action_flag": 1, "change_message": "[{\"added\": {}}]"}}, {"model": "admin.logentry", "pk": 387, "fields": {"action_time": "2023-04-22T20:28:10.914Z", "user": 1, "content_type": 16, "object_id": "193", "object_repr": "ヅ", "action_flag": 1, "change_message": "[{\"added\": {}}]"}}, {"model": "admin.logentry", "pk": 388, "fields": {"action_time": "2023-04-22T20:28:15.337Z", "user": 1, "content_type": 16, "object_id": "194", "object_repr": "デ", "action_flag": 1, "change_message": "[{\"added\": {}}]"}}, {"model": "admin.logentry", "pk": 389, "fields": {"action_time": "2023-04-22T20:28:20.352Z", "user": 1, "content_type": 16, "object_id": "195", "object_repr": "ド", "action_flag": 1, "change_message": "[{\"added\": {}}]"}}, {"model": "admin.logentry", "pk": 390, "fields": {"action_time": "2023-04-22T20:29:23.919Z", "user": 1, "content_type": 16, "object_id": "196", "object_repr": "ヂャ", "action_flag": 1, "change_message": "[{\"added\": {}}]"}}, {"model": "admin.logentry", "pk": 391, "fields": {"action_time": "2023-04-22T20:29:30.541Z", "user": 1, "content_type": 16, "object_id": "197", "object_repr": "ヂュ", "action_flag": 1, "change_message": "[{\"added\": {}}]"}}, {"model": "admin.logentry", "pk": 392, "fields": {"action_time": "2023-04-22T20:29:51.383Z", "user": 1, "content_type": 16, "object_id": "198", "object_repr": "ヂョ", "action_flag": 1, "change_message": "[{\"added\": {}}]"}}, {"model": "admin.logentry", "pk": 393, "fields": {"action_time": "2023-04-22T20:30:07.953Z", "user": 1, "content_type": 15, "object_id": "183", "object_repr": "ダ (片仮名)", "action_flag": 1, "change_message": "[{\"added\": {}}]"}}, {"model": "admin.logentry", "pk": 394, "fields": {"action_time": "2023-04-22T20:30:16.698Z", "user": 1, "content_type": 15, "object_id": "184", "object_repr": "ヂ (片仮名)", "action_flag": 1, "change_message": "[{\"added\": {}}]"}}, {"model": "admin.logentry", "pk": 395, "fields": {"action_time": "2023-04-22T20:30:48.336Z", "user": 1, "content_type": 15, "object_id": "185", "object_repr": "ヅ (片仮名)", "action_flag": 1, "change_message": "[{\"added\": {}}]"}}, {"model": "admin.logentry", "pk": 396, "fields": {"action_time": "2023-04-22T20:31:10.904Z", "user": 1, "content_type": 15, "object_id": "186", "object_repr": "デ (片仮名)", "action_flag": 1, "change_message": "[{\"added\": {}}]"}}, {"model": "admin.logentry", "pk": 397, "fields": {"action_time": "2023-04-22T20:31:22.083Z", "user": 1, "content_type": 15, "object_id": "187", "object_repr": "ド (片仮名)", "action_flag": 1, "change_message": "[{\"added\": {}}]"}}, {"model": "admin.logentry", "pk": 398, "fields": {"action_time": "2023-04-22T20:31:30.205Z", "user": 1, "content_type": 15, "object_id": "188", "object_repr": "ヂャ (片仮名)", "action_flag": 1, "change_message": "[{\"added\": {}}]"}}, {"model": "admin.logentry", "pk": 399, "fields": {"action_time": "2023-04-22T20:31:37.860Z", "user": 1, "content_type": 15, "object_id": "189", "object_repr": "ヂュ (片仮名)", "action_flag": 1, "change_message": "[{\"added\": {}}]"}}, {"model": "admin.logentry", "pk": 400, "fields": {"action_time": "2023-04-22T20:31:45.364Z", "user": 1, "content_type": 15, "object_id": "190", "object_repr": "ヂョ (片仮名)", "action_flag": 1, "change_message": "[{\"added\": {}}]"}}, {"model": "admin.logentry", "pk": 401, "fields": {"action_time": "2023-04-22T20:31:54.564Z", "user": 1, "content_type": 16, "object_id": "199", "object_repr": "バ", "action_flag": 1, "change_message": "[{\"added\": {}}]"}}, {"model": "admin.logentry", "pk": 402, "fields": {"action_time": "2023-04-22T20:32:00.055Z", "user": 1, "content_type": 16, "object_id": "200", "object_repr": "ビ", "action_flag": 1, "change_message": "[{\"added\": {}}]"}}, {"model": "admin.logentry", "pk": 403, "fields": {"action_time": "2023-04-22T20:32:05.640Z", "user": 1, "content_type": 16, "object_id": "201", "object_repr": "ブ", "action_flag": 1, "change_message": "[{\"added\": {}}]"}}, {"model": "admin.logentry", "pk": 404, "fields": {"action_time": "2023-04-22T20:32:10.491Z", "user": 1, "content_type": 16, "object_id": "202", "object_repr": "ベ", "action_flag": 1, "change_message": "[{\"added\": {}}]"}}, {"model": "admin.logentry", "pk": 405, "fields": {"action_time": "2023-04-22T20:32:15.654Z", "user": 1, "content_type": 16, "object_id": "203", "object_repr": "ボ", "action_flag": 1, "change_message": "[{\"added\": {}}]"}}, {"model": "admin.logentry", "pk": 406, "fields": {"action_time": "2023-04-22T20:32:20.413Z", "user": 1, "content_type": 16, "object_id": "204", "object_repr": "ビャ", "action_flag": 1, "change_message": "[{\"added\": {}}]"}}, {"model": "admin.logentry", "pk": 407, "fields": {"action_time": "2023-04-22T20:32:26.104Z", "user": 1, "content_type": 16, "object_id": "205", "object_repr": "ビュ", "action_flag": 1, "change_message": "[{\"added\": {}}]"}}, {"model": "admin.logentry", "pk": 408, "fields": {"action_time": "2023-04-22T20:32:32.703Z", "user": 1, "content_type": 16, "object_id": "206", "object_repr": "ビョ", "action_flag": 1, "change_message": "[{\"added\": {}}]"}}, {"model": "admin.logentry", "pk": 409, "fields": {"action_time": "2023-04-22T20:32:54.440Z", "user": 1, "content_type": 15, "object_id": "191", "object_repr": "バ (片仮名)", "action_flag": 1, "change_message": "[{\"added\": {}}]"}}, {"model": "admin.logentry", "pk": 410, "fields": {"action_time": "2023-04-22T20:33:03.054Z", "user": 1, "content_type": 15, "object_id": "192", "object_repr": "ビ (片仮名)", "action_flag": 1, "change_message": "[{\"added\": {}}]"}}, {"model": "admin.logentry", "pk": 411, "fields": {"action_time": "2023-04-22T20:33:09.921Z", "user": 1, "content_type": 15, "object_id": "193", "object_repr": "ブ (片仮名)", "action_flag": 1, "change_message": "[{\"added\": {}}]"}}, {"model": "admin.logentry", "pk": 412, "fields": {"action_time": "2023-04-22T20:33:20.097Z", "user": 1, "content_type": 15, "object_id": "194", "object_repr": "ベ (片仮名)", "action_flag": 1, "change_message": "[{\"added\": {}}]"}}, {"model": "admin.logentry", "pk": 413, "fields": {"action_time": "2023-04-22T20:33:27.195Z", "user": 1, "content_type": 15, "object_id": "195", "object_repr": "ボ (片仮名)", "action_flag": 1, "change_message": "[{\"added\": {}}]"}}, {"model": "admin.logentry", "pk": 414, "fields": {"action_time": "2023-04-22T20:33:34.901Z", "user": 1, "content_type": 15, "object_id": "196", "object_repr": "ビャ (片仮名)", "action_flag": 1, "change_message": "[{\"added\": {}}]"}}, {"model": "admin.logentry", "pk": 415, "fields": {"action_time": "2023-04-22T20:33:42.184Z", "user": 1, "content_type": 15, "object_id": "197", "object_repr": "ビュ (片仮名)", "action_flag": 1, "change_message": "[{\"added\": {}}]"}}, {"model": "admin.logentry", "pk": 416, "fields": {"action_time": "2023-04-22T20:33:50.135Z", "user": 1, "content_type": 15, "object_id": "198", "object_repr": "ビョ (片仮名)", "action_flag": 1, "change_message": "[{\"added\": {}}]"}}, {"model": "admin.logentry", "pk": 417, "fields": {"action_time": "2023-04-22T20:34:04.149Z", "user": 1, "content_type": 16, "object_id": "207", "object_repr": "パ", "action_flag": 1, "change_message": "[{\"added\": {}}]"}}, {"model": "admin.logentry", "pk": 418, "fields": {"action_time": "2023-04-22T20:34:08.530Z", "user": 1, "content_type": 16, "object_id": "208", "object_repr": "ピ", "action_flag": 1, "change_message": "[{\"added\": {}}]"}}, {"model": "admin.logentry", "pk": 419, "fields": {"action_time": "2023-04-22T20:34:13.767Z", "user": 1, "content_type": 16, "object_id": "209", "object_repr": "プ", "action_flag": 1, "change_message": "[{\"added\": {}}]"}}, {"model": "admin.logentry", "pk": 420, "fields": {"action_time": "2023-04-22T20:34:20.601Z", "user": 1, "content_type": 16, "object_id": "210", "object_repr": "ペ", "action_flag": 1, "change_message": "[{\"added\": {}}]"}}, {"model": "admin.logentry", "pk": 421, "fields": {"action_time": "2023-04-22T20:34:26.187Z", "user": 1, "content_type": 16, "object_id": "211", "object_repr": "ポ", "action_flag": 1, "change_message": "[{\"added\": {}}]"}}, {"model": "admin.logentry", "pk": 422, "fields": {"action_time": "2023-04-22T20:34:34.072Z", "user": 1, "content_type": 16, "object_id": "212", "object_repr": "ピャ", "action_flag": 1, "change_message": "[{\"added\": {}}]"}}, {"model": "admin.logentry", "pk": 423, "fields": {"action_time": "2023-04-22T20:34:40.372Z", "user": 1, "content_type": 16, "object_id": "213", "object_repr": "ピュ", "action_flag": 1, "change_message": "[{\"added\": {}}]"}}, {"model": "admin.logentry", "pk": 424, "fields": {"action_time": "2023-04-22T20:34:47.125Z", "user": 1, "content_type": 16, "object_id": "214", "object_repr": "ピョ", "action_flag": 1, "change_message": "[{\"added\": {}}]"}}, {"model": "admin.logentry", "pk": 425, "fields": {"action_time": "2023-04-22T20:35:07.232Z", "user": 1, "content_type": 15, "object_id": "199", "object_repr": "パ (片仮名)", "action_flag": 1, "change_message": "[{\"added\": {}}]"}}, {"model": "admin.logentry", "pk": 426, "fields": {"action_time": "2023-04-22T20:35:15.814Z", "user": 1, "content_type": 15, "object_id": "200", "object_repr": "ピ (片仮名)", "action_flag": 1, "change_message": "[{\"added\": {}}]"}}, {"model": "admin.logentry", "pk": 427, "fields": {"action_time": "2023-04-22T20:35:25.979Z", "user": 1, "content_type": 15, "object_id": "201", "object_repr": "プ (片仮名)", "action_flag": 1, "change_message": "[{\"added\": {}}]"}}, {"model": "admin.logentry", "pk": 428, "fields": {"action_time": "2023-04-22T20:35:33.138Z", "user": 1, "content_type": 15, "object_id": "202", "object_repr": "ペ (片仮名)", "action_flag": 1, "change_message": "[{\"added\": {}}]"}}, {"model": "admin.logentry", "pk": 429, "fields": {"action_time": "2023-04-22T20:35:42.730Z", "user": 1, "content_type": 15, "object_id": "203", "object_repr": "ポ (片仮名)", "action_flag": 1, "change_message": "[{\"added\": {}}]"}}, {"model": "admin.logentry", "pk": 430, "fields": {"action_time": "2023-04-22T20:35:50.680Z", "user": 1, "content_type": 15, "object_id": "204", "object_repr": "ピャ (片仮名)", "action_flag": 1, "change_message": "[{\"added\": {}}]"}}, {"model": "admin.logentry", "pk": 431, "fields": {"action_time": "2023-04-22T20:35:58.890Z", "user": 1, "content_type": 15, "object_id": "205", "object_repr": "ピュ (片仮名)", "action_flag": 1, "change_message": "[{\"added\": {}}]"}}, {"model": "admin.logentry", "pk": 432, "fields": {"action_time": "2023-04-22T20:36:07.480Z", "user": 1, "content_type": 15, "object_id": "206", "object_repr": "ピョ (片仮名)", "action_flag": 1, "change_message": "[{\"added\": {}}]"}}, {"model": "admin.logentry", "pk": 433, "fields": {"action_time": "2023-04-22T20:38:33.082Z", "user": 1, "content_type": 16, "object_id": "215", "object_repr": "イェ", "action_flag": 1, "change_message": "[{\"added\": {}}]"}}, {"model": "admin.logentry", "pk": 434, "fields": {"action_time": "2023-04-22T20:38:53.943Z", "user": 1, "content_type": 15, "object_id": "207", "object_repr": "イェ (片仮名)", "action_flag": 1, "change_message": "[{\"added\": {}}]"}}, {"model": "admin.logentry", "pk": 435, "fields": {"action_time": "2023-04-22T20:44:34.448Z", "user": 1, "content_type": 15, "object_id": "92", "object_repr": "ン (片仮名)", "action_flag": 2, "change_message": "[{\"changed\": {\"fields\": [\"Lang index row\"]}}]"}}, {"model": "admin.logentry", "pk": 436, "fields": {"action_time": "2023-04-22T20:45:31.731Z", "user": 1, "content_type": 16, "object_id": "216", "object_repr": "ヴァ", "action_flag": 1, "change_message": "[{\"added\": {}}]"}}, {"model": "admin.logentry", "pk": 437, "fields": {"action_time": "2023-04-22T20:45:37.155Z", "user": 1, "content_type": 16, "object_id": "217", "object_repr": "ヴィ", "action_flag": 1, "change_message": "[{\"added\": {}}]"}}, {"model": "admin.logentry", "pk": 438, "fields": {"action_time": "2023-04-22T20:45:42.486Z", "user": 1, "content_type": 16, "object_id": "218", "object_repr": "ヴ", "action_flag": 1, "change_message": "[{\"added\": {}}]"}}, {"model": "admin.logentry", "pk": 439, "fields": {"action_time": "2023-04-22T20:45:47.704Z", "user": 1, "content_type": 16, "object_id": "219", "object_repr": "ヴェ", "action_flag": 1, "change_message": "[{\"added\": {}}]"}}, {"model": "admin.logentry", "pk": 440, "fields": {"action_time": "2023-04-22T20:45:53.069Z", "user": 1, "content_type": 16, "object_id": "220", "object_repr": "ヴォ", "action_flag": 1, "change_message": "[{\"added\": {}}]"}}, {"model": "admin.logentry", "pk": 441, "fields": {"action_time": "2023-04-22T20:45:59.651Z", "user": 1, "content_type": 16, "object_id": "221", "object_repr": "ヴャ", "action_flag": 1, "change_message": "[{\"added\": {}}]"}}, {"model": "admin.logentry", "pk": 442, "fields": {"action_time": "2023-04-22T20:46:05.041Z", "user": 1, "content_type": 16, "object_id": "222", "object_repr": "ヴュ", "action_flag": 1, "change_message": "[{\"added\": {}}]"}}, {"model": "admin.logentry", "pk": 443, "fields": {"action_time": "2023-04-22T20:46:10.731Z", "user": 1, "content_type": 16, "object_id": "223", "object_repr": "ヴョ", "action_flag": 1, "change_message": "[{\"added\": {}}]"}}, {"model": "admin.logentry", "pk": 444, "fields": {"action_time": "2023-04-22T20:46:56.874Z", "user": 1, "content_type": 15, "object_id": "208", "object_repr": "ヴァ (片仮名)", "action_flag": 1, "change_message": "[{\"added\": {}}]"}}, {"model": "admin.logentry", "pk": 445, "fields": {"action_time": "2023-04-22T20:47:05.797Z", "user": 1, "content_type": 15, "object_id": "209", "object_repr": "ヴィ (片仮名)", "action_flag": 1, "change_message": "[{\"added\": {}}]"}}, {"model": "admin.logentry", "pk": 446, "fields": {"action_time": "2023-04-22T20:47:13.878Z", "user": 1, "content_type": 15, "object_id": "210", "object_repr": "ヴ (片仮名)", "action_flag": 1, "change_message": "[{\"added\": {}}]"}}, {"model": "admin.logentry", "pk": 447, "fields": {"action_time": "2023-04-22T20:47:20.981Z", "user": 1, "content_type": 15, "object_id": "211", "object_repr": "ヴェ (片仮名)", "action_flag": 1, "change_message": "[{\"added\": {}}]"}}, {"model": "admin.logentry", "pk": 448, "fields": {"action_time": "2023-04-22T20:47:29.132Z", "user": 1, "content_type": 15, "object_id": "212", "object_repr": "ヴォ (片仮名)", "action_flag": 1, "change_message": "[{\"added\": {}}]"}}, {"model": "admin.logentry", "pk": 449, "fields": {"action_time": "2023-04-22T20:47:40.641Z", "user": 1, "content_type": 15, "object_id": "213", "object_repr": "ヴャ (片仮名)", "action_flag": 1, "change_message": "[{\"added\": {}}]"}}, {"model": "admin.logentry", "pk": 450, "fields": {"action_time": "2023-04-22T20:47:50.743Z", "user": 1, "content_type": 15, "object_id": "214", "object_repr": "ヴュ (片仮名)", "action_flag": 1, "change_message": "[{\"added\": {}}]"}}, {"model": "admin.logentry", "pk": 451, "fields": {"action_time": "2023-04-22T20:48:01.380Z", "user": 1, "content_type": 15, "object_id": "215", "object_repr": "ヴョ (片仮名)", "action_flag": 1, "change_message": "[{\"added\": {}}]"}}, {"model": "admin.logentry", "pk": 452, "fields": {"action_time": "2023-04-22T20:48:18.809Z", "user": 1, "content_type": 16, "object_id": "224", "object_repr": "シェ", "action_flag": 1, "change_message": "[{\"added\": {}}]"}}, {"model": "admin.logentry", "pk": 453, "fields": {"action_time": "2023-04-22T20:48:27.410Z", "user": 1, "content_type": 16, "object_id": "225", "object_repr": "ジェ", "action_flag": 1, "change_message": "[{\"added\": {}}]"}}, {"model": "admin.logentry", "pk": 454, "fields": {"action_time": "2023-04-22T20:48:33.538Z", "user": 1, "content_type": 16, "object_id": "226", "object_repr": "チェ", "action_flag": 1, "change_message": "[{\"added\": {}}]"}}, {"model": "admin.logentry", "pk": 455, "fields": {"action_time": "2023-04-22T20:49:19.367Z", "user": 1, "content_type": 15, "object_id": "216", "object_repr": "シェ (片仮名)", "action_flag": 1, "change_message": "[{\"added\": {}}]"}}, {"model": "admin.logentry", "pk": 456, "fields": {"action_time": "2023-04-22T20:50:11.469Z", "user": 1, "content_type": 15, "object_id": "217", "object_repr": "ジェ (片仮名)", "action_flag": 1, "change_message": "[{\"added\": {}}]"}}, {"model": "admin.logentry", "pk": 457, "fields": {"action_time": "2023-04-22T20:50:39.766Z", "user": 1, "content_type": 15, "object_id": "218", "object_repr": "チェ (片仮名)", "action_flag": 1, "change_message": "[{\"added\": {}}]"}}, {"model": "admin.logentry", "pk": 458, "fields": {"action_time": "2023-04-22T20:51:00.622Z", "user": 1, "content_type": 16, "object_id": "227", "object_repr": "スィ", "action_flag": 1, "change_message": "[{\"added\": {}}]"}}, {"model": "admin.logentry", "pk": 459, "fields": {"action_time": "2023-04-22T20:51:06.218Z", "user": 1, "content_type": 16, "object_id": "228", "object_repr": "ズィ", "action_flag": 1, "change_message": "[{\"added\": {}}]"}}, {"model": "admin.logentry", "pk": 460, "fields": {"action_time": "2023-04-22T20:51:35.986Z", "user": 1, "content_type": 15, "object_id": "219", "object_repr": "スィ (片仮名)", "action_flag": 1, "change_message": "[{\"added\": {}}]"}}, {"model": "admin.logentry", "pk": 461, "fields": {"action_time": "2023-04-22T20:51:56.158Z", "user": 1, "content_type": 15, "object_id": "220", "object_repr": "ズィ (片仮名)", "action_flag": 1, "change_message": "[{\"added\": {}}]"}}, {"model": "admin.logentry", "pk": 462, "fields": {"action_time": "2023-04-22T20:52:14.028Z", "user": 1, "content_type": 16, "object_id": "229", "object_repr": "ティ", "action_flag": 1, "change_message": "[{\"added\": {}}]"}}, {"model": "admin.logentry", "pk": 463, "fields": {"action_time": "2023-04-22T20:52:21.482Z", "user": 1, "content_type": 16, "object_id": "230", "object_repr": "トゥ", "action_flag": 1, "change_message": "[{\"added\": {}}]"}}, {"model": "admin.logentry", "pk": 464, "fields": {"action_time": "2023-04-22T20:52:33.389Z", "user": 1, "content_type": 16, "object_id": "231", "object_repr": "テャ", "action_flag": 1, "change_message": "[{\"added\": {}}]"}}, {"model": "admin.logentry", "pk": 465, "fields": {"action_time": "2023-04-22T20:52:39.141Z", "user": 1, "content_type": 16, "object_id": "232", "object_repr": "テュ", "action_flag": 1, "change_message": "[{\"added\": {}}]"}}, {"model": "admin.logentry", "pk": 466, "fields": {"action_time": "2023-04-22T20:52:47.861Z", "user": 1, "content_type": 16, "object_id": "233", "object_repr": "テョ", "action_flag": 1, "change_message": "[{\"added\": {}}]"}}, {"model": "admin.logentry", "pk": 467, "fields": {"action_time": "2023-04-22T20:52:59.930Z", "user": 1, "content_type": 16, "object_id": "234", "object_repr": "ディ", "action_flag": 1, "change_message": "[{\"added\": {}}]"}}, {"model": "admin.logentry", "pk": 468, "fields": {"action_time": "2023-04-22T20:53:04.406Z", "user": 1, "content_type": 16, "object_id": "235", "object_repr": "ドゥ", "action_flag": 1, "change_message": "[{\"added\": {}}]"}}, {"model": "admin.logentry", "pk": 469, "fields": {"action_time": "2023-04-22T20:53:09.263Z", "user": 1, "content_type": 16, "object_id": "236", "object_repr": "デャ", "action_flag": 1, "change_message": "[{\"added\": {}}]"}}, {"model": "admin.logentry", "pk": 470, "fields": {"action_time": "2023-04-22T20:53:13.984Z", "user": 1, "content_type": 16, "object_id": "237", "object_repr": "デュ", "action_flag": 1, "change_message": "[{\"added\": {}}]"}}, {"model": "admin.logentry", "pk": 471, "fields": {"action_time": "2023-04-22T20:53:20.361Z", "user": 1, "content_type": 16, "object_id": "238", "object_repr": "デョ", "action_flag": 1, "change_message": "[{\"added\": {}}]"}}, {"model": "admin.logentry", "pk": 472, "fields": {"action_time": "2023-04-22T20:53:45.260Z", "user": 1, "content_type": 15, "object_id": "221", "object_repr": "ティ (片仮名)", "action_flag": 1, "change_message": "[{\"added\": {}}]"}}, {"model": "admin.logentry", "pk": 473, "fields": {"action_time": "2023-04-22T20:54:23.787Z", "user": 1, "content_type": 15, "object_id": "222", "object_repr": "トゥ (片仮名)", "action_flag": 1, "change_message": "[{\"added\": {}}]"}}, {"model": "admin.logentry", "pk": 474, "fields": {"action_time": "2023-04-22T20:54:45.234Z", "user": 1, "content_type": 15, "object_id": "223", "object_repr": "テャ (片仮名)", "action_flag": 1, "change_message": "[{\"added\": {}}]"}}, {"model": "admin.logentry", "pk": 475, "fields": {"action_time": "2023-04-22T20:55:27.278Z", "user": 1, "content_type": 15, "object_id": "224", "object_repr": "テュ (片仮名)", "action_flag": 1, "change_message": "[{\"added\": {}}]"}}, {"model": "admin.logentry", "pk": 476, "fields": {"action_time": "2023-04-22T20:55:38.374Z", "user": 1, "content_type": 15, "object_id": "225", "object_repr": "テョ (片仮名)", "action_flag": 1, "change_message": "[{\"added\": {}}]"}}, {"model": "admin.logentry", "pk": 477, "fields": {"action_time": "2023-04-22T20:56:01.502Z", "user": 1, "content_type": 15, "object_id": "226", "object_repr": "ディ (片仮名)", "action_flag": 1, "change_message": "[{\"added\": {}}]"}}, {"model": "admin.logentry", "pk": 478, "fields": {"action_time": "2023-04-22T20:56:20.921Z", "user": 1, "content_type": 15, "object_id": "227", "object_repr": "ドゥ (片仮名)", "action_flag": 1, "change_message": "[{\"added\": {}}]"}}, {"model": "admin.logentry", "pk": 479, "fields": {"action_time": "2023-04-22T20:56:53.036Z", "user": 1, "content_type": 15, "object_id": "228", "object_repr": "デャ (片仮名)", "action_flag": 1, "change_message": "[{\"added\": {}}]"}}, {"model": "admin.logentry", "pk": 480, "fields": {"action_time": "2023-04-22T20:57:05.069Z", "user": 1, "content_type": 15, "object_id": "229", "object_repr": "デュ (片仮名)", "action_flag": 1, "change_message": "[{\"added\": {}}]"}}, {"model": "admin.logentry", "pk": 481, "fields": {"action_time": "2023-04-22T20:57:17.766Z", "user": 1, "content_type": 15, "object_id": "230", "object_repr": "デョ (片仮名)", "action_flag": 1, "change_message": "[{\"added\": {}}]"}}, {"model": "admin.logentry", "pk": 482, "fields": {"action_time": "2023-04-22T20:57:27.414Z", "user": 1, "content_type": 16, "object_id": "239", "object_repr": "ツァ", "action_flag": 1, "change_message": "[{\"added\": {}}]"}}, {"model": "admin.logentry", "pk": 483, "fields": {"action_time": "2023-04-22T20:57:33.416Z", "user": 1, "content_type": 16, "object_id": "240", "object_repr": "ツィ", "action_flag": 1, "change_message": "[{\"added\": {}}]"}}, {"model": "admin.logentry", "pk": 484, "fields": {"action_time": "2023-04-22T20:57:38.207Z", "user": 1, "content_type": 16, "object_id": "241", "object_repr": "ツェ", "action_flag": 1, "change_message": "[{\"added\": {}}]"}}, {"model": "admin.logentry", "pk": 485, "fields": {"action_time": "2023-04-22T20:57:50.300Z", "user": 1, "content_type": 16, "object_id": "242", "object_repr": "ツォ", "action_flag": 1, "change_message": "[{\"added\": {}}]"}}, {"model": "admin.logentry", "pk": 486, "fields": {"action_time": "2023-04-22T20:58:30.810Z", "user": 1, "content_type": 15, "object_id": "231", "object_repr": "ツァ (片仮名)", "action_flag": 1, "change_message": "[{\"added\": {}}]"}}, {"model": "admin.logentry", "pk": 487, "fields": {"action_time": "2023-04-22T20:58:40.990Z", "user": 1, "content_type": 15, "object_id": "232", "object_repr": "ツィ (片仮名)", "action_flag": 1, "change_message": "[{\"added\": {}}]"}}, {"model": "admin.logentry", "pk": 488, "fields": {"action_time": "2023-04-22T20:58:48.675Z", "user": 1, "content_type": 15, "object_id": "233", "object_repr": "ツェ (片仮名)", "action_flag": 1, "change_message": "[{\"added\": {}}]"}}, {"model": "admin.logentry", "pk": 489, "fields": {"action_time": "2023-04-22T20:58:57.610Z", "user": 1, "content_type": 15, "object_id": "234", "object_repr": "ツォ (片仮名)", "action_flag": 1, "change_message": "[{\"added\": {}}]"}}, {"model": "admin.logentry", "pk": 490, "fields": {"action_time": "2023-04-22T20:59:06.705Z", "user": 1, "content_type": 16, "object_id": "243", "object_repr": "ファ", "action_flag": 1, "change_message": "[{\"added\": {}}]"}}, {"model": "admin.logentry", "pk": 491, "fields": {"action_time": "2023-04-22T20:59:12.951Z", "user": 1, "content_type": 16, "object_id": "244", "object_repr": "フィ", "action_flag": 1, "change_message": "[{\"added\": {}}]"}}, {"model": "admin.logentry", "pk": 492, "fields": {"action_time": "2023-04-22T20:59:21.159Z", "user": 1, "content_type": 16, "object_id": "245", "object_repr": "ホゥ", "action_flag": 1, "change_message": "[{\"added\": {}}]"}}, {"model": "admin.logentry", "pk": 493, "fields": {"action_time": "2023-04-22T20:59:25.793Z", "user": 1, "content_type": 16, "object_id": "246", "object_repr": "フェ", "action_flag": 1, "change_message": "[{\"added\": {}}]"}}, {"model": "admin.logentry", "pk": 494, "fields": {"action_time": "2023-04-22T20:59:31.356Z", "user": 1, "content_type": 16, "object_id": "247", "object_repr": "フォ", "action_flag": 1, "change_message": "[{\"added\": {}}]"}}, {"model": "admin.logentry", "pk": 495, "fields": {"action_time": "2023-04-22T20:59:36.696Z", "user": 1, "content_type": 16, "object_id": "248", "object_repr": "フャ", "action_flag": 1, "change_message": "[{\"added\": {}}]"}}, {"model": "admin.logentry", "pk": 496, "fields": {"action_time": "2023-04-22T20:59:41.857Z", "user": 1, "content_type": 16, "object_id": "249", "object_repr": "フュ", "action_flag": 1, "change_message": "[{\"added\": {}}]"}}, {"model": "admin.logentry", "pk": 497, "fields": {"action_time": "2023-04-22T20:59:47.612Z", "user": 1, "content_type": 16, "object_id": "250", "object_repr": "フョ", "action_flag": 1, "change_message": "[{\"added\": {}}]"}}, {"model": "admin.logentry", "pk": 498, "fields": {"action_time": "2023-04-22T21:00:11.553Z", "user": 1, "content_type": 15, "object_id": "235", "object_repr": "ファ (片仮名)", "action_flag": 1, "change_message": "[{\"added\": {}}]"}}, {"model": "admin.logentry", "pk": 499, "fields": {"action_time": "2023-04-22T21:00:20.889Z", "user": 1, "content_type": 15, "object_id": "236", "object_repr": "フィ (片仮名)", "action_flag": 1, "change_message": "[{\"added\": {}}]"}}, {"model": "admin.logentry", "pk": 500, "fields": {"action_time": "2023-04-22T21:00:34.871Z", "user": 1, "content_type": 15, "object_id": "237", "object_repr": "ホゥ (片仮名)", "action_flag": 1, "change_message": "[{\"added\": {}}]"}}, {"model": "admin.logentry", "pk": 501, "fields": {"action_time": "2023-04-22T21:00:43.315Z", "user": 1, "content_type": 15, "object_id": "238", "object_repr": "フェ (片仮名)", "action_flag": 1, "change_message": "[{\"added\": {}}]"}}, {"model": "admin.logentry", "pk": 502, "fields": {"action_time": "2023-04-22T21:00:50.633Z", "user": 1, "content_type": 15, "object_id": "239", "object_repr": "フォ (片仮名)", "action_flag": 1, "change_message": "[{\"added\": {}}]"}}, {"model": "admin.logentry", "pk": 503, "fields": {"action_time": "2023-04-22T21:00:58.354Z", "user": 1, "content_type": 15, "object_id": "240", "object_repr": "フャ (片仮名)", "action_flag": 1, "change_message": "[{\"added\": {}}]"}}, {"model": "admin.logentry", "pk": 504, "fields": {"action_time": "2023-04-22T21:01:14.982Z", "user": 1, "content_type": 15, "object_id": "241", "object_repr": "フュ (片仮名)", "action_flag": 1, "change_message": "[{\"added\": {}}]"}}, {"model": "admin.logentry", "pk": 505, "fields": {"action_time": "2023-04-22T21:01:22.838Z", "user": 1, "content_type": 15, "object_id": "242", "object_repr": "フョ (片仮名)", "action_flag": 1, "change_message": "[{\"added\": {}}]"}}, {"model": "admin.logentry", "pk": 506, "fields": {"action_time": "2023-04-22T21:01:31.000Z", "user": 1, "content_type": 15, "object_id": "240", "object_repr": "フャ (片仮名)", "action_flag": 2, "change_message": "[{\"changed\": {\"fields\": [\"\\u0412\\u0445\\u043e\\u0434\\u0438\\u0442 \\u0432 \\u0451\\u043e\\u043d(\\u044f\\u043f\\u043e\\u043d\\u0441\\u043a\\u0438\\u0439)\", \"\\u0414\\u0430\\u043a\\u0443\\u0442\\u044d\\u043d/\\u0445\\u0430\\u043d\\u0434\\u0430\\u043a\\u0443\\u0442\\u044d\\u043d (\\u044f\\u043f\\u043e\\u043d\\u0441\\u043a\\u0438\\u0439)\"]}}]"}}, {"model": "admin.logentry", "pk": 507, "fields": {"action_time": "2023-04-22T21:01:48.586Z", "user": 1, "content_type": 16, "object_id": "251", "object_repr": "リェ", "action_flag": 1, "change_message": "[{\"added\": {}}]"}}, {"model": "admin.logentry", "pk": 508, "fields": {"action_time": "2023-04-22T21:02:14.213Z", "user": 1, "content_type": 15, "object_id": "243", "object_repr": "リェ (片仮名)", "action_flag": 1, "change_message": "[{\"added\": {}}]"}}, {"model": "admin.logentry", "pk": 509, "fields": {"action_time": "2023-04-22T21:02:31.349Z", "user": 1, "content_type": 16, "object_id": "252", "object_repr": "ウァ", "action_flag": 1, "change_message": "[{\"added\": {}}]"}}, {"model": "admin.logentry", "pk": 510, "fields": {"action_time": "2023-04-22T21:02:36.766Z", "user": 1, "content_type": 16, "object_id": "253", "object_repr": "ウィ", "action_flag": 1, "change_message": "[{\"added\": {}}]"}}, {"model": "admin.logentry", "pk": 511, "fields": {"action_time": "2023-04-22T21:02:41.815Z", "user": 1, "content_type": 16, "object_id": "254", "object_repr": "ウェ", "action_flag": 1, "change_message": "[{\"added\": {}}]"}}, {"model": "admin.logentry", "pk": 512, "fields": {"action_time": "2023-04-22T21:02:47.522Z", "user": 1, "content_type": 16, "object_id": "255", "object_repr": "ウォ", "action_flag": 1, "change_message": "[{\"added\": {}}]"}}, {"model": "admin.logentry", "pk": 513, "fields": {"action_time": "2023-04-22T21:02:52.215Z", "user": 1, "content_type": 16, "object_id": "256", "object_repr": "ウャ", "action_flag": 1, "change_message": "[{\"added\": {}}]"}}, {"model": "admin.logentry", "pk": 514, "fields": {"action_time": "2023-04-22T21:02:56.961Z", "user": 1, "content_type": 16, "object_id": "257", "object_repr": "ウュ", "action_flag": 1, "change_message": "[{\"added\": {}}]"}}, {"model": "admin.logentry", "pk": 515, "fields": {"action_time": "2023-04-22T21:03:05.076Z", "user": 1, "content_type": 16, "object_id": "258", "object_repr": "ウョ", "action_flag": 1, "change_message": "[{\"added\": {}}]"}}, {"model": "admin.logentry", "pk": 516, "fields": {"action_time": "2023-04-22T21:03:24.380Z", "user": 1, "content_type": 15, "object_id": "244", "object_repr": "ウァ (片仮名)", "action_flag": 1, "change_message": "[{\"added\": {}}]"}}, {"model": "admin.logentry", "pk": 517, "fields": {"action_time": "2023-04-22T21:03:32.173Z", "user": 1, "content_type": 15, "object_id": "245", "object_repr": "ウィ (片仮名)", "action_flag": 1, "change_message": "[{\"added\": {}}]"}}, {"model": "admin.logentry", "pk": 518, "fields": {"action_time": "2023-04-22T21:03:40.480Z", "user": 1, "content_type": 15, "object_id": "246", "object_repr": "ウェ (片仮名)", "action_flag": 1, "change_message": "[{\"added\": {}}]"}}, {"model": "admin.logentry", "pk": 519, "fields": {"action_time": "2023-04-22T21:03:48.764Z", "user": 1, "content_type": 15, "object_id": "247", "object_repr": "ウォ (片仮名)", "action_flag": 1, "change_message": "[{\"added\": {}}]"}}, {"model": "admin.logentry", "pk": 520, "fields": {"action_time": "2023-04-22T21:04:00.104Z", "user": 1, "content_type": 15, "object_id": "248", "object_repr": "ウャ (片仮名)", "action_flag": 1, "change_message": "[{\"added\": {}}]"}}, {"model": "admin.logentry", "pk": 521, "fields": {"action_time": "2023-04-22T21:04:08.248Z", "user": 1, "content_type": 15, "object_id": "249", "object_repr": "ウュ (片仮名)", "action_flag": 1, "change_message": "[{\"added\": {}}]"}}, {"model": "admin.logentry", "pk": 522, "fields": {"action_time": "2023-04-22T21:04:56.785Z", "user": 1, "content_type": 15, "object_id": "250", "object_repr": "ウョ (片仮名)", "action_flag": 1, "change_message": "[{\"added\": {}}]"}}, {"model": "admin.logentry", "pk": 523, "fields": {"action_time": "2023-04-22T21:05:11.976Z", "user": 1, "content_type": 16, "object_id": "259", "object_repr": "クァ", "action_flag": 1, "change_message": "[{\"added\": {}}]"}}, {"model": "admin.logentry", "pk": 524, "fields": {"action_time": "2023-04-22T21:05:24.981Z", "user": 1, "content_type": 16, "object_id": "260", "object_repr": "クィ", "action_flag": 1, "change_message": "[{\"added\": {}}]"}}, {"model": "admin.logentry", "pk": 525, "fields": {"action_time": "2023-04-22T21:05:30.171Z", "user": 1, "content_type": 16, "object_id": "261", "object_repr": "クゥ", "action_flag": 1, "change_message": "[{\"added\": {}}]"}}, {"model": "admin.logentry", "pk": 526, "fields": {"action_time": "2023-04-22T21:05:35.149Z", "user": 1, "content_type": 16, "object_id": "262", "object_repr": "クェ", "action_flag": 1, "change_message": "[{\"added\": {}}]"}}, {"model": "admin.logentry", "pk": 527, "fields": {"action_time": "2023-04-22T21:05:46.961Z", "user": 1, "content_type": 16, "object_id": "263", "object_repr": "クォ", "action_flag": 1, "change_message": "[{\"added\": {}}]"}}, {"model": "admin.logentry", "pk": 528, "fields": {"action_time": "2023-04-22T21:06:00.198Z", "user": 1, "content_type": 16, "object_id": "264", "object_repr": "グァ", "action_flag": 1, "change_message": "[{\"added\": {}}]"}}, {"model": "admin.logentry", "pk": 529, "fields": {"action_time": "2023-04-22T21:06:05.589Z", "user": 1, "content_type": 16, "object_id": "265", "object_repr": "グィ", "action_flag": 1, "change_message": "[{\"added\": {}}]"}}, {"model": "admin.logentry", "pk": 530, "fields": {"action_time": "2023-04-22T21:06:10.149Z", "user": 1, "content_type": 16, "object_id": "266", "object_repr": "グゥ", "action_flag": 1, "change_message": "[{\"added\": {}}]"}}, {"model": "admin.logentry", "pk": 531, "fields": {"action_time": "2023-04-22T21:06:15.844Z", "user": 1, "content_type": 16, "object_id": "267", "object_repr": "グェ", "action_flag": 1, "change_message": "[{\"added\": {}}]"}}, {"model": "admin.logentry", "pk": 532, "fields": {"action_time": "2023-04-22T21:06:22.406Z", "user": 1, "content_type": 16, "object_id": "268", "object_repr": "グォ", "action_flag": 1, "change_message": "[{\"added\": {}}]"}}, {"model": "admin.logentry", "pk": 533, "fields": {"action_time": "2023-04-22T21:07:03.308Z", "user": 1, "content_type": 15, "object_id": "251", "object_repr": "クァ (片仮名)", "action_flag": 1, "change_message": "[{\"added\": {}}]"}}, {"model": "admin.logentry", "pk": 534, "fields": {"action_time": "2023-04-22T21:07:13.100Z", "user": 1, "content_type": 15, "object_id": "252", "object_repr": "クィ (片仮名)", "action_flag": 1, "change_message": "[{\"added\": {}}]"}}, {"model": "admin.logentry", "pk": 535, "fields": {"action_time": "2023-04-22T21:07:34.592Z", "user": 1, "content_type": 15, "object_id": "253", "object_repr": "クゥ (片仮名)", "action_flag": 1, "change_message": "[{\"added\": {}}]"}}, {"model": "admin.logentry", "pk": 536, "fields": {"action_time": "2023-04-22T21:08:24.832Z", "user": 1, "content_type": 15, "object_id": "254", "object_repr": "クェ (片仮名)", "action_flag": 1, "change_message": "[{\"added\": {}}]"}}, {"model": "admin.logentry", "pk": 537, "fields": {"action_time": "2023-04-22T21:08:37.770Z", "user": 1, "content_type": 15, "object_id": "255", "object_repr": "クォ (片仮名)", "action_flag": 1, "change_message": "[{\"added\": {}}]"}}, {"model": "admin.logentry", "pk": 538, "fields": {"action_time": "2023-04-22T21:08:56.607Z", "user": 1, "content_type": 15, "object_id": "256", "object_repr": "グァ (片仮名)", "action_flag": 1, "change_message": "[{\"added\": {}}]"}}, {"model": "admin.logentry", "pk": 539, "fields": {"action_time": "2023-04-22T21:09:04.187Z", "user": 1, "content_type": 15, "object_id": "257", "object_repr": "グィ (片仮名)", "action_flag": 1, "change_message": "[{\"added\": {}}]"}}, {"model": "admin.logentry", "pk": 540, "fields": {"action_time": "2023-04-22T21:09:11.417Z", "user": 1, "content_type": 15, "object_id": "258", "object_repr": "グゥ (片仮名)", "action_flag": 1, "change_message": "[{\"added\": {}}]"}}, {"model": "admin.logentry", "pk": 541, "fields": {"action_time": "2023-04-22T21:09:19.221Z", "user": 1, "content_type": 15, "object_id": "259", "object_repr": "グェ (片仮名)", "action_flag": 1, "change_message": "[{\"added\": {}}]"}}, {"model": "admin.logentry", "pk": 542, "fields": {"action_time": "2023-04-22T21:09:27.333Z", "user": 1, "content_type": 15, "object_id": "260", "object_repr": "グォ (片仮名)", "action_flag": 1, "change_message": "[{\"added\": {}}]"}}, {"model": "admin.logentry", "pk": 543, "fields": {"action_time": "2023-04-22T21:09:50.841Z", "user": 1, "content_type": 15, "object_id": "145", "object_repr": "びょ (平仮名)", "action_flag": 2, "change_message": "[{\"changed\": {\"fields\": [\"\\u0412\\u0445\\u043e\\u0434\\u0438\\u0442 \\u0432 \\u0451\\u043e\\u043d(\\u044f\\u043f\\u043e\\u043d\\u0441\\u043a\\u0438\\u0439)\", \"\\u0414\\u0430\\u043a\\u0443\\u0442\\u044d\\u043d/\\u0445\\u0430\\u043d\\u0434\\u0430\\u043a\\u0443\\u0442\\u044d\\u043d (\\u044f\\u043f\\u043e\\u043d\\u0441\\u043a\\u0438\\u0439)\"]}}]"}}, {"model": "admin.logentry", "pk": 544, "fields": {"action_time": "2023-04-22T21:10:24.118Z", "user": 1, "content_type": 15, "object_id": "144", "object_repr": "びゅ (平仮名)", "action_flag": 2, "change_message": "[{\"changed\": {\"fields\": [\"\\u0412\\u0445\\u043e\\u0434\\u0438\\u0442 \\u0432 \\u0451\\u043e\\u043d(\\u044f\\u043f\\u043e\\u043d\\u0441\\u043a\\u0438\\u0439)\", \"\\u0414\\u0430\\u043a\\u0443\\u0442\\u044d\\u043d/\\u0445\\u0430\\u043d\\u0434\\u0430\\u043a\\u0443\\u0442\\u044d\\u043d (\\u044f\\u043f\\u043e\\u043d\\u0441\\u043a\\u0438\\u0439)\"]}}]"}}, {"model": "admin.logentry", "pk": 545, "fields": {"action_time": "2023-04-22T21:10:35.152Z", "user": 1, "content_type": 15, "object_id": "143", "object_repr": "びゃ (平仮名)", "action_flag": 2, "change_message": "[{\"changed\": {\"fields\": [\"\\u0412\\u0445\\u043e\\u0434\\u0438\\u0442 \\u0432 \\u0451\\u043e\\u043d(\\u044f\\u043f\\u043e\\u043d\\u0441\\u043a\\u0438\\u0439)\", \"\\u0414\\u0430\\u043a\\u0443\\u0442\\u044d\\u043d/\\u0445\\u0430\\u043d\\u0434\\u0430\\u043a\\u0443\\u0442\\u044d\\u043d (\\u044f\\u043f\\u043e\\u043d\\u0441\\u043a\\u0438\\u0439)\"]}}]"}}, {"model": "admin.logentry", "pk": 546, "fields": {"action_time": "2023-04-22T21:10:44.872Z", "user": 1, "content_type": 15, "object_id": "142", "object_repr": "ぼ (平仮名)", "action_flag": 2, "change_message": "[{\"changed\": {\"fields\": [\"\\u0414\\u0430\\u043a\\u0443\\u0442\\u044d\\u043d/\\u0445\\u0430\\u043d\\u0434\\u0430\\u043a\\u0443\\u0442\\u044d\\u043d (\\u044f\\u043f\\u043e\\u043d\\u0441\\u043a\\u0438\\u0439)\"]}}]"}}, {"model": "admin.logentry", "pk": 547, "fields": {"action_time": "2023-04-22T21:10:52.303Z", "user": 1, "content_type": 15, "object_id": "141", "object_repr": "べ (平仮名)", "action_flag": 2, "change_message": "[{\"changed\": {\"fields\": [\"\\u0414\\u0430\\u043a\\u0443\\u0442\\u044d\\u043d/\\u0445\\u0430\\u043d\\u0434\\u0430\\u043a\\u0443\\u0442\\u044d\\u043d (\\u044f\\u043f\\u043e\\u043d\\u0441\\u043a\\u0438\\u0439)\"]}}]"}}, {"model": "admin.logentry", "pk": 548, "fields": {"action_time": "2023-04-22T21:10:59.122Z", "user": 1, "content_type": 15, "object_id": "140", "object_repr": "ぶ (平仮名)", "action_flag": 2, "change_message": "[{\"changed\": {\"fields\": [\"\\u0414\\u0430\\u043a\\u0443\\u0442\\u044d\\u043d/\\u0445\\u0430\\u043d\\u0434\\u0430\\u043a\\u0443\\u0442\\u044d\\u043d (\\u044f\\u043f\\u043e\\u043d\\u0441\\u043a\\u0438\\u0439)\"]}}]"}}, {"model": "admin.logentry", "pk": 549, "fields": {"action_time": "2023-04-22T21:11:05.517Z", "user": 1, "content_type": 15, "object_id": "139", "object_repr": "び (平仮名)", "action_flag": 2, "change_message": "[{\"changed\": {\"fields\": [\"\\u0414\\u0430\\u043a\\u0443\\u0442\\u044d\\u043d/\\u0445\\u0430\\u043d\\u0434\\u0430\\u043a\\u0443\\u0442\\u044d\\u043d (\\u044f\\u043f\\u043e\\u043d\\u0441\\u043a\\u0438\\u0439)\"]}}]"}}, {"model": "admin.logentry", "pk": 550, "fields": {"action_time": "2023-04-22T21:11:14.193Z", "user": 1, "content_type": 15, "object_id": "138", "object_repr": "ば (平仮名)", "action_flag": 2, "change_message": "[{\"changed\": {\"fields\": [\"\\u0414\\u0430\\u043a\\u0443\\u0442\\u044d\\u043d/\\u0445\\u0430\\u043d\\u0434\\u0430\\u043a\\u0443\\u0442\\u044d\\u043d (\\u044f\\u043f\\u043e\\u043d\\u0441\\u043a\\u0438\\u0439)\"]}}]"}}, {"model": "admin.logentry", "pk": 551, "fields": {"action_time": "2023-04-22T21:12:01.053Z", "user": 1, "content_type": 15, "object_id": "137", "object_repr": "ぢょ (平仮名)", "action_flag": 2, "change_message": "[{\"changed\": {\"fields\": [\"\\u0412\\u0445\\u043e\\u0434\\u0438\\u0442 \\u0432 \\u0451\\u043e\\u043d(\\u044f\\u043f\\u043e\\u043d\\u0441\\u043a\\u0438\\u0439)\", \"\\u0414\\u0430\\u043a\\u0443\\u0442\\u044d\\u043d/\\u0445\\u0430\\u043d\\u0434\\u0430\\u043a\\u0443\\u0442\\u044d\\u043d (\\u044f\\u043f\\u043e\\u043d\\u0441\\u043a\\u0438\\u0439)\"]}}]"}}, {"model": "admin.logentry", "pk": 552, "fields": {"action_time": "2023-04-22T21:12:10.689Z", "user": 1, "content_type": 15, "object_id": "136", "object_repr": "ぢゅ (平仮名)", "action_flag": 2, "change_message": "[{\"changed\": {\"fields\": [\"\\u0412\\u0445\\u043e\\u0434\\u0438\\u0442 \\u0432 \\u0451\\u043e\\u043d(\\u044f\\u043f\\u043e\\u043d\\u0441\\u043a\\u0438\\u0439)\", \"\\u0414\\u0430\\u043a\\u0443\\u0442\\u044d\\u043d/\\u0445\\u0430\\u043d\\u0434\\u0430\\u043a\\u0443\\u0442\\u044d\\u043d (\\u044f\\u043f\\u043e\\u043d\\u0441\\u043a\\u0438\\u0439)\"]}}]"}}, {"model": "admin.logentry", "pk": 553, "fields": {"action_time": "2023-04-22T21:12:15.666Z", "user": 1, "content_type": 15, "object_id": "135", "object_repr": "ぢゃ (平仮名)", "action_flag": 2, "change_message": "[{\"changed\": {\"fields\": [\"\\u0412\\u0445\\u043e\\u0434\\u0438\\u0442 \\u0432 \\u0451\\u043e\\u043d(\\u044f\\u043f\\u043e\\u043d\\u0441\\u043a\\u0438\\u0439)\", \"\\u0414\\u0430\\u043a\\u0443\\u0442\\u044d\\u043d/\\u0445\\u0430\\u043d\\u0434\\u0430\\u043a\\u0443\\u0442\\u044d\\u043d (\\u044f\\u043f\\u043e\\u043d\\u0441\\u043a\\u0438\\u0439)\"]}}]"}}, {"model": "admin.logentry", "pk": 554, "fields": {"action_time": "2023-04-22T21:12:21.251Z", "user": 1, "content_type": 15, "object_id": "134", "object_repr": "ど (平仮名)", "action_flag": 2, "change_message": "[{\"changed\": {\"fields\": [\"\\u0414\\u0430\\u043a\\u0443\\u0442\\u044d\\u043d/\\u0445\\u0430\\u043d\\u0434\\u0430\\u043a\\u0443\\u0442\\u044d\\u043d (\\u044f\\u043f\\u043e\\u043d\\u0441\\u043a\\u0438\\u0439)\"]}}]"}}, {"model": "admin.logentry", "pk": 555, "fields": {"action_time": "2023-04-22T21:12:24.927Z", "user": 1, "content_type": 15, "object_id": "133", "object_repr": "で (平仮名)", "action_flag": 2, "change_message": "[{\"changed\": {\"fields\": [\"\\u0414\\u0430\\u043a\\u0443\\u0442\\u044d\\u043d/\\u0445\\u0430\\u043d\\u0434\\u0430\\u043a\\u0443\\u0442\\u044d\\u043d (\\u044f\\u043f\\u043e\\u043d\\u0441\\u043a\\u0438\\u0439)\"]}}]"}}, {"model": "admin.logentry", "pk": 556, "fields": {"action_time": "2023-04-22T21:12:28.729Z", "user": 1, "content_type": 15, "object_id": "132", "object_repr": "づ (平仮名)", "action_flag": 2, "change_message": "[{\"changed\": {\"fields\": [\"\\u0414\\u0430\\u043a\\u0443\\u0442\\u044d\\u043d/\\u0445\\u0430\\u043d\\u0434\\u0430\\u043a\\u0443\\u0442\\u044d\\u043d (\\u044f\\u043f\\u043e\\u043d\\u0441\\u043a\\u0438\\u0439)\"]}}]"}}, {"model": "admin.logentry", "pk": 557, "fields": {"action_time": "2023-04-22T21:12:33.115Z", "user": 1, "content_type": 15, "object_id": "131", "object_repr": "ぢ (平仮名)", "action_flag": 2, "change_message": "[{\"changed\": {\"fields\": [\"\\u0414\\u0430\\u043a\\u0443\\u0442\\u044d\\u043d/\\u0445\\u0430\\u043d\\u0434\\u0430\\u043a\\u0443\\u0442\\u044d\\u043d (\\u044f\\u043f\\u043e\\u043d\\u0441\\u043a\\u0438\\u0439)\"]}}]"}}, {"model": "admin.logentry", "pk": 558, "fields": {"action_time": "2023-04-22T21:12:36.443Z", "user": 1, "content_type": 15, "object_id": "130", "object_repr": "だ (平仮名)", "action_flag": 2, "change_message": "[{\"changed\": {\"fields\": [\"\\u0414\\u0430\\u043a\\u0443\\u0442\\u044d\\u043d/\\u0445\\u0430\\u043d\\u0434\\u0430\\u043a\\u0443\\u0442\\u044d\\u043d (\\u044f\\u043f\\u043e\\u043d\\u0441\\u043a\\u0438\\u0439)\"]}}]"}}, {"model": "admin.logentry", "pk": 559, "fields": {"action_time": "2023-04-22T21:12:41.201Z", "user": 1, "content_type": 15, "object_id": "129", "object_repr": "じょ (平仮名)", "action_flag": 2, "change_message": "[{\"changed\": {\"fields\": [\"\\u0412\\u0445\\u043e\\u0434\\u0438\\u0442 \\u0432 \\u0451\\u043e\\u043d(\\u044f\\u043f\\u043e\\u043d\\u0441\\u043a\\u0438\\u0439)\", \"\\u0414\\u0430\\u043a\\u0443\\u0442\\u044d\\u043d/\\u0445\\u0430\\u043d\\u0434\\u0430\\u043a\\u0443\\u0442\\u044d\\u043d (\\u044f\\u043f\\u043e\\u043d\\u0441\\u043a\\u0438\\u0439)\"]}}]"}}, {"model": "admin.logentry", "pk": 560, "fields": {"action_time": "2023-04-22T21:12:45.563Z", "user": 1, "content_type": 15, "object_id": "128", "object_repr": "じゅ (平仮名)", "action_flag": 2, "change_message": "[{\"changed\": {\"fields\": [\"\\u0412\\u0445\\u043e\\u0434\\u0438\\u0442 \\u0432 \\u0451\\u043e\\u043d(\\u044f\\u043f\\u043e\\u043d\\u0441\\u043a\\u0438\\u0439)\", \"\\u0414\\u0430\\u043a\\u0443\\u0442\\u044d\\u043d/\\u0445\\u0430\\u043d\\u0434\\u0430\\u043a\\u0443\\u0442\\u044d\\u043d (\\u044f\\u043f\\u043e\\u043d\\u0441\\u043a\\u0438\\u0439)\"]}}]"}}, {"model": "admin.logentry", "pk": 561, "fields": {"action_time": "2023-04-22T21:12:50.450Z", "user": 1, "content_type": 15, "object_id": "127", "object_repr": "じゃ (平仮名)", "action_flag": 2, "change_message": "[{\"changed\": {\"fields\": [\"\\u0412\\u0445\\u043e\\u0434\\u0438\\u0442 \\u0432 \\u0451\\u043e\\u043d(\\u044f\\u043f\\u043e\\u043d\\u0441\\u043a\\u0438\\u0439)\", \"\\u0414\\u0430\\u043a\\u0443\\u0442\\u044d\\u043d/\\u0445\\u0430\\u043d\\u0434\\u0430\\u043a\\u0443\\u0442\\u044d\\u043d (\\u044f\\u043f\\u043e\\u043d\\u0441\\u043a\\u0438\\u0439)\"]}}]"}}, {"model": "admin.logentry", "pk": 562, "fields": {"action_time": "2023-04-22T21:12:56.873Z", "user": 1, "content_type": 15, "object_id": "126", "object_repr": "ぞ (平仮名)", "action_flag": 2, "change_message": "[{\"changed\": {\"fields\": [\"\\u0412\\u0445\\u043e\\u0434\\u0438\\u0442 \\u0432 \\u0451\\u043e\\u043d(\\u044f\\u043f\\u043e\\u043d\\u0441\\u043a\\u0438\\u0439)\", \"\\u0414\\u0430\\u043a\\u0443\\u0442\\u044d\\u043d/\\u0445\\u0430\\u043d\\u0434\\u0430\\u043a\\u0443\\u0442\\u044d\\u043d (\\u044f\\u043f\\u043e\\u043d\\u0441\\u043a\\u0438\\u0439)\"]}}]"}}, {"model": "admin.logentry", "pk": 563, "fields": {"action_time": "2023-04-22T21:13:01.635Z", "user": 1, "content_type": 15, "object_id": "125", "object_repr": "ぜ (平仮名)", "action_flag": 2, "change_message": "[{\"changed\": {\"fields\": [\"\\u0412\\u0445\\u043e\\u0434\\u0438\\u0442 \\u0432 \\u0451\\u043e\\u043d(\\u044f\\u043f\\u043e\\u043d\\u0441\\u043a\\u0438\\u0439)\", \"\\u0414\\u0430\\u043a\\u0443\\u0442\\u044d\\u043d/\\u0445\\u0430\\u043d\\u0434\\u0430\\u043a\\u0443\\u0442\\u044d\\u043d (\\u044f\\u043f\\u043e\\u043d\\u0441\\u043a\\u0438\\u0439)\"]}}]"}}, {"model": "admin.logentry", "pk": 564, "fields": {"action_time": "2023-04-22T21:13:05.405Z", "user": 1, "content_type": 15, "object_id": "124", "object_repr": "ず (平仮名)", "action_flag": 2, "change_message": "[{\"changed\": {\"fields\": [\"\\u0412\\u0445\\u043e\\u0434\\u0438\\u0442 \\u0432 \\u0451\\u043e\\u043d(\\u044f\\u043f\\u043e\\u043d\\u0441\\u043a\\u0438\\u0439)\", \"\\u0414\\u0430\\u043a\\u0443\\u0442\\u044d\\u043d/\\u0445\\u0430\\u043d\\u0434\\u0430\\u043a\\u0443\\u0442\\u044d\\u043d (\\u044f\\u043f\\u043e\\u043d\\u0441\\u043a\\u0438\\u0439)\"]}}]"}}, {"model": "admin.logentry", "pk": 565, "fields": {"action_time": "2023-04-22T21:13:10.411Z", "user": 1, "content_type": 15, "object_id": "124", "object_repr": "ず (平仮名)", "action_flag": 2, "change_message": "[{\"changed\": {\"fields\": [\"\\u0412\\u0445\\u043e\\u0434\\u0438\\u0442 \\u0432 \\u0451\\u043e\\u043d(\\u044f\\u043f\\u043e\\u043d\\u0441\\u043a\\u0438\\u0439)\"]}}]"}}, {"model": "admin.logentry", "pk": 566, "fields": {"action_time": "2023-04-22T21:13:22.462Z", "user": 1, "content_type": 15, "object_id": "125", "object_repr": "ぜ (平仮名)", "action_flag": 2, "change_message": "[{\"changed\": {\"fields\": [\"\\u0412\\u0445\\u043e\\u0434\\u0438\\u0442 \\u0432 \\u0451\\u043e\\u043d(\\u044f\\u043f\\u043e\\u043d\\u0441\\u043a\\u0438\\u0439)\"]}}]"}}, {"model": "admin.logentry", "pk": 567, "fields": {"action_time": "2023-04-22T21:13:27.924Z", "user": 1, "content_type": 15, "object_id": "126", "object_repr": "ぞ (平仮名)", "action_flag": 2, "change_message": "[{\"changed\": {\"fields\": [\"\\u0412\\u0445\\u043e\\u0434\\u0438\\u0442 \\u0432 \\u0451\\u043e\\u043d(\\u044f\\u043f\\u043e\\u043d\\u0441\\u043a\\u0438\\u0439)\"]}}]"}}, {"model": "admin.logentry", "pk": 568, "fields": {"action_time": "2023-04-22T21:13:36.018Z", "user": 1, "content_type": 15, "object_id": "123", "object_repr": "じ (平仮名)", "action_flag": 2, "change_message": "[{\"changed\": {\"fields\": [\"\\u0414\\u0430\\u043a\\u0443\\u0442\\u044d\\u043d/\\u0445\\u0430\\u043d\\u0434\\u0430\\u043a\\u0443\\u0442\\u044d\\u043d (\\u044f\\u043f\\u043e\\u043d\\u0441\\u043a\\u0438\\u0439)\"]}}]"}}, {"model": "admin.logentry", "pk": 569, "fields": {"action_time": "2023-04-22T21:13:39.844Z", "user": 1, "content_type": 15, "object_id": "122", "object_repr": "ざ (平仮名)", "action_flag": 2, "change_message": "[{\"changed\": {\"fields\": [\"\\u0414\\u0430\\u043a\\u0443\\u0442\\u044d\\u043d/\\u0445\\u0430\\u043d\\u0434\\u0430\\u043a\\u0443\\u0442\\u044d\\u043d (\\u044f\\u043f\\u043e\\u043d\\u0441\\u043a\\u0438\\u0439)\"]}}]"}}, {"model": "admin.logentry", "pk": 570, "fields": {"action_time": "2023-04-22T21:13:44.771Z", "user": 1, "content_type": 15, "object_id": "121", "object_repr": "ぎょ (平仮名)", "action_flag": 2, "change_message": "[{\"changed\": {\"fields\": [\"\\u0412\\u0445\\u043e\\u0434\\u0438\\u0442 \\u0432 \\u0451\\u043e\\u043d(\\u044f\\u043f\\u043e\\u043d\\u0441\\u043a\\u0438\\u0439)\", \"\\u0414\\u0430\\u043a\\u0443\\u0442\\u044d\\u043d/\\u0445\\u0430\\u043d\\u0434\\u0430\\u043a\\u0443\\u0442\\u044d\\u043d (\\u044f\\u043f\\u043e\\u043d\\u0441\\u043a\\u0438\\u0439)\"]}}]"}}, {"model": "admin.logentry", "pk": 571, "fields": {"action_time": "2023-04-22T21:13:48.702Z", "user": 1, "content_type": 15, "object_id": "120", "object_repr": "ぎゅ (平仮名)", "action_flag": 2, "change_message": "[{\"changed\": {\"fields\": [\"\\u0412\\u0445\\u043e\\u0434\\u0438\\u0442 \\u0432 \\u0451\\u043e\\u043d(\\u044f\\u043f\\u043e\\u043d\\u0441\\u043a\\u0438\\u0439)\", \"\\u0414\\u0430\\u043a\\u0443\\u0442\\u044d\\u043d/\\u0445\\u0430\\u043d\\u0434\\u0430\\u043a\\u0443\\u0442\\u044d\\u043d (\\u044f\\u043f\\u043e\\u043d\\u0441\\u043a\\u0438\\u0439)\"]}}]"}}, {"model": "admin.logentry", "pk": 572, "fields": {"action_time": "2023-04-22T21:13:52.490Z", "user": 1, "content_type": 15, "object_id": "119", "object_repr": "ぎゃ (平仮名)", "action_flag": 2, "change_message": "[{\"changed\": {\"fields\": [\"\\u0412\\u0445\\u043e\\u0434\\u0438\\u0442 \\u0432 \\u0451\\u043e\\u043d(\\u044f\\u043f\\u043e\\u043d\\u0441\\u043a\\u0438\\u0439)\", \"\\u0414\\u0430\\u043a\\u0443\\u0442\\u044d\\u043d/\\u0445\\u0430\\u043d\\u0434\\u0430\\u043a\\u0443\\u0442\\u044d\\u043d (\\u044f\\u043f\\u043e\\u043d\\u0441\\u043a\\u0438\\u0439)\"]}}]"}}, {"model": "admin.logentry", "pk": 573, "fields": {"action_time": "2023-04-22T21:13:57.068Z", "user": 1, "content_type": 15, "object_id": "118", "object_repr": "ご (平仮名)", "action_flag": 2, "change_message": "[{\"changed\": {\"fields\": [\"\\u0414\\u0430\\u043a\\u0443\\u0442\\u044d\\u043d/\\u0445\\u0430\\u043d\\u0434\\u0430\\u043a\\u0443\\u0442\\u044d\\u043d (\\u044f\\u043f\\u043e\\u043d\\u0441\\u043a\\u0438\\u0439)\"]}}]"}}, {"model": "admin.logentry", "pk": 574, "fields": {"action_time": "2023-04-22T21:14:00.072Z", "user": 1, "content_type": 15, "object_id": "117", "object_repr": "げ (平仮名)", "action_flag": 2, "change_message": "[{\"changed\": {\"fields\": [\"\\u0414\\u0430\\u043a\\u0443\\u0442\\u044d\\u043d/\\u0445\\u0430\\u043d\\u0434\\u0430\\u043a\\u0443\\u0442\\u044d\\u043d (\\u044f\\u043f\\u043e\\u043d\\u0441\\u043a\\u0438\\u0439)\"]}}]"}}, {"model": "admin.logentry", "pk": 575, "fields": {"action_time": "2023-04-22T21:14:02.954Z", "user": 1, "content_type": 15, "object_id": "116", "object_repr": "ぐ (平仮名)", "action_flag": 2, "change_message": "[{\"changed\": {\"fields\": [\"\\u0414\\u0430\\u043a\\u0443\\u0442\\u044d\\u043d/\\u0445\\u0430\\u043d\\u0434\\u0430\\u043a\\u0443\\u0442\\u044d\\u043d (\\u044f\\u043f\\u043e\\u043d\\u0441\\u043a\\u0438\\u0439)\"]}}]"}}, {"model": "admin.logentry", "pk": 576, "fields": {"action_time": "2023-04-22T21:14:06.901Z", "user": 1, "content_type": 15, "object_id": "115", "object_repr": "ぎ (平仮名)", "action_flag": 2, "change_message": "[{\"changed\": {\"fields\": [\"\\u0414\\u0430\\u043a\\u0443\\u0442\\u044d\\u043d/\\u0445\\u0430\\u043d\\u0434\\u0430\\u043a\\u0443\\u0442\\u044d\\u043d (\\u044f\\u043f\\u043e\\u043d\\u0441\\u043a\\u0438\\u0439)\"]}}]"}}, {"model": "admin.logentry", "pk": 577, "fields": {"action_time": "2023-04-22T21:14:10.628Z", "user": 1, "content_type": 15, "object_id": "114", "object_repr": "が (平仮名)", "action_flag": 2, "change_message": "[{\"changed\": {\"fields\": [\"\\u0414\\u0430\\u043a\\u0443\\u0442\\u044d\\u043d/\\u0445\\u0430\\u043d\\u0434\\u0430\\u043a\\u0443\\u0442\\u044d\\u043d (\\u044f\\u043f\\u043e\\u043d\\u0441\\u043a\\u0438\\u0439)\"]}}]"}}, {"model": "admin.logentry", "pk": 578, "fields": {"action_time": "2023-04-22T21:14:49.177Z", "user": 1, "content_type": 15, "object_id": "113", "object_repr": "りょ (平仮名)", "action_flag": 2, "change_message": "[{\"changed\": {\"fields\": [\"\\u0412\\u0445\\u043e\\u0434\\u0438\\u0442 \\u0432 \\u0451\\u043e\\u043d(\\u044f\\u043f\\u043e\\u043d\\u0441\\u043a\\u0438\\u0439)\"]}}]"}}, {"model": "admin.logentry", "pk": 579, "fields": {"action_time": "2023-04-22T21:14:54.904Z", "user": 1, "content_type": 15, "object_id": "112", "object_repr": "りゅ (平仮名)", "action_flag": 2, "change_message": "[{\"changed\": {\"fields\": [\"\\u0412\\u0445\\u043e\\u0434\\u0438\\u0442 \\u0432 \\u0451\\u043e\\u043d(\\u044f\\u043f\\u043e\\u043d\\u0441\\u043a\\u0438\\u0439)\"]}}]"}}, {"model": "admin.logentry", "pk": 580, "fields": {"action_time": "2023-04-22T21:14:58.050Z", "user": 1, "content_type": 15, "object_id": "111", "object_repr": "りゃ (平仮名)", "action_flag": 2, "change_message": "[{\"changed\": {\"fields\": [\"\\u0412\\u0445\\u043e\\u0434\\u0438\\u0442 \\u0432 \\u0451\\u043e\\u043d(\\u044f\\u043f\\u043e\\u043d\\u0441\\u043a\\u0438\\u0439)\"]}}]"}}, {"model": "admin.logentry", "pk": 581, "fields": {"action_time": "2023-04-22T21:15:01.368Z", "user": 1, "content_type": 15, "object_id": "110", "object_repr": "みょ (平仮名)", "action_flag": 2, "change_message": "[{\"changed\": {\"fields\": [\"\\u0412\\u0445\\u043e\\u0434\\u0438\\u0442 \\u0432 \\u0451\\u043e\\u043d(\\u044f\\u043f\\u043e\\u043d\\u0441\\u043a\\u0438\\u0439)\"]}}]"}}, {"model": "admin.logentry", "pk": 582, "fields": {"action_time": "2023-04-22T21:15:04.387Z", "user": 1, "content_type": 15, "object_id": "109", "object_repr": "みゅ (平仮名)", "action_flag": 2, "change_message": "[{\"changed\": {\"fields\": [\"\\u0412\\u0445\\u043e\\u0434\\u0438\\u0442 \\u0432 \\u0451\\u043e\\u043d(\\u044f\\u043f\\u043e\\u043d\\u0441\\u043a\\u0438\\u0439)\"]}}]"}}, {"model": "admin.logentry", "pk": 583, "fields": {"action_time": "2023-04-22T21:15:07.137Z", "user": 1, "content_type": 15, "object_id": "108", "object_repr": "みゃ (平仮名)", "action_flag": 2, "change_message": "[{\"changed\": {\"fields\": [\"\\u0412\\u0445\\u043e\\u0434\\u0438\\u0442 \\u0432 \\u0451\\u043e\\u043d(\\u044f\\u043f\\u043e\\u043d\\u0441\\u043a\\u0438\\u0439)\"]}}]"}}, {"model": "admin.logentry", "pk": 584, "fields": {"action_time": "2023-04-22T21:15:09.897Z", "user": 1, "content_type": 15, "object_id": "107", "object_repr": "ひょ (平仮名)", "action_flag": 2, "change_message": "[{\"changed\": {\"fields\": [\"\\u0412\\u0445\\u043e\\u0434\\u0438\\u0442 \\u0432 \\u0451\\u043e\\u043d(\\u044f\\u043f\\u043e\\u043d\\u0441\\u043a\\u0438\\u0439)\"]}}]"}}, {"model": "admin.logentry", "pk": 585, "fields": {"action_time": "2023-04-22T21:15:12.707Z", "user": 1, "content_type": 15, "object_id": "106", "object_repr": "ひゅ (平仮名)", "action_flag": 2, "change_message": "[{\"changed\": {\"fields\": [\"\\u0412\\u0445\\u043e\\u0434\\u0438\\u0442 \\u0432 \\u0451\\u043e\\u043d(\\u044f\\u043f\\u043e\\u043d\\u0441\\u043a\\u0438\\u0439)\"]}}]"}}, {"model": "admin.logentry", "pk": 586, "fields": {"action_time": "2023-04-22T21:15:15.230Z", "user": 1, "content_type": 15, "object_id": "105", "object_repr": "ひゃ (平仮名)", "action_flag": 2, "change_message": "[{\"changed\": {\"fields\": [\"\\u0412\\u0445\\u043e\\u0434\\u0438\\u0442 \\u0432 \\u0451\\u043e\\u043d(\\u044f\\u043f\\u043e\\u043d\\u0441\\u043a\\u0438\\u0439)\"]}}]"}}, {"model": "admin.logentry", "pk": 587, "fields": {"action_time": "2023-04-22T21:15:17.983Z", "user": 1, "content_type": 15, "object_id": "104", "object_repr": "にょ (平仮名)", "action_flag": 2, "change_message": "[{\"changed\": {\"fields\": [\"\\u0412\\u0445\\u043e\\u0434\\u0438\\u0442 \\u0432 \\u0451\\u043e\\u043d(\\u044f\\u043f\\u043e\\u043d\\u0441\\u043a\\u0438\\u0439)\"]}}]"}}, {"model": "admin.logentry", "pk": 588, "fields": {"action_time": "2023-04-22T21:15:20.609Z", "user": 1, "content_type": 15, "object_id": "103", "object_repr": "にゅ (平仮名)", "action_flag": 2, "change_message": "[{\"changed\": {\"fields\": [\"\\u0412\\u0445\\u043e\\u0434\\u0438\\u0442 \\u0432 \\u0451\\u043e\\u043d(\\u044f\\u043f\\u043e\\u043d\\u0441\\u043a\\u0438\\u0439)\"]}}]"}}, {"model": "admin.logentry", "pk": 589, "fields": {"action_time": "2023-04-22T21:15:23.459Z", "user": 1, "content_type": 15, "object_id": "102", "object_repr": "にゃ (平仮名)", "action_flag": 2, "change_message": "[]"}}, {"model": "admin.logentry", "pk": 590, "fields": {"action_time": "2023-04-22T21:15:26.185Z", "user": 1, "content_type": 15, "object_id": "102", "object_repr": "にゃ (平仮名)", "action_flag": 2, "change_message": "[{\"changed\": {\"fields\": [\"\\u0412\\u0445\\u043e\\u0434\\u0438\\u0442 \\u0432 \\u0451\\u043e\\u043d(\\u044f\\u043f\\u043e\\u043d\\u0441\\u043a\\u0438\\u0439)\"]}}]"}}, {"model": "admin.logentry", "pk": 591, "fields": {"action_time": "2023-04-22T21:15:29.740Z", "user": 1, "content_type": 15, "object_id": "102", "object_repr": "にゃ (平仮名)", "action_flag": 2, "change_message": "[]"}}, {"model": "admin.logentry", "pk": 592, "fields": {"action_time": "2023-04-22T21:15:34.534Z", "user": 1, "content_type": 15, "object_id": "101", "object_repr": "ちょ (平仮名)", "action_flag": 2, "change_message": "[{\"changed\": {\"fields\": [\"\\u0412\\u0445\\u043e\\u0434\\u0438\\u0442 \\u0432 \\u0451\\u043e\\u043d(\\u044f\\u043f\\u043e\\u043d\\u0441\\u043a\\u0438\\u0439)\"]}}]"}}, {"model": "admin.logentry", "pk": 593, "fields": {"action_time": "2023-04-22T21:15:37.911Z", "user": 1, "content_type": 15, "object_id": "100", "object_repr": "ちゅ (平仮名)", "action_flag": 2, "change_message": "[{\"changed\": {\"fields\": [\"\\u0412\\u0445\\u043e\\u0434\\u0438\\u0442 \\u0432 \\u0451\\u043e\\u043d(\\u044f\\u043f\\u043e\\u043d\\u0441\\u043a\\u0438\\u0439)\"]}}]"}}, {"model": "admin.logentry", "pk": 594, "fields": {"action_time": "2023-04-22T21:15:40.977Z", "user": 1, "content_type": 15, "object_id": "99", "object_repr": "ちゃ (平仮名)", "action_flag": 2, "change_message": "[{\"changed\": {\"fields\": [\"\\u0412\\u0445\\u043e\\u0434\\u0438\\u0442 \\u0432 \\u0451\\u043e\\u043d(\\u044f\\u043f\\u043e\\u043d\\u0441\\u043a\\u0438\\u0439)\"]}}]"}}, {"model": "admin.logentry", "pk": 595, "fields": {"action_time": "2023-04-22T21:15:44.582Z", "user": 1, "content_type": 15, "object_id": "98", "object_repr": "しょ (平仮名)", "action_flag": 2, "change_message": "[{\"changed\": {\"fields\": [\"\\u0412\\u0445\\u043e\\u0434\\u0438\\u0442 \\u0432 \\u0451\\u043e\\u043d(\\u044f\\u043f\\u043e\\u043d\\u0441\\u043a\\u0438\\u0439)\"]}}]"}}, {"model": "admin.logentry", "pk": 596, "fields": {"action_time": "2023-04-22T21:15:48.163Z", "user": 1, "content_type": 15, "object_id": "97", "object_repr": "しゅ (平仮名)", "action_flag": 2, "change_message": "[{\"changed\": {\"fields\": [\"\\u0412\\u0445\\u043e\\u0434\\u0438\\u0442 \\u0432 \\u0451\\u043e\\u043d(\\u044f\\u043f\\u043e\\u043d\\u0441\\u043a\\u0438\\u0439)\"]}}]"}}, {"model": "admin.logentry", "pk": 597, "fields": {"action_time": "2023-04-22T21:15:51.142Z", "user": 1, "content_type": 15, "object_id": "96", "object_repr": "しゃ (平仮名)", "action_flag": 2, "change_message": "[{\"changed\": {\"fields\": [\"\\u0412\\u0445\\u043e\\u0434\\u0438\\u0442 \\u0432 \\u0451\\u043e\\u043d(\\u044f\\u043f\\u043e\\u043d\\u0441\\u043a\\u0438\\u0439)\"]}}]"}}, {"model": "admin.logentry", "pk": 598, "fields": {"action_time": "2023-04-22T21:15:53.846Z", "user": 1, "content_type": 15, "object_id": "95", "object_repr": "きょ (平仮名)", "action_flag": 2, "change_message": "[{\"changed\": {\"fields\": [\"\\u0412\\u0445\\u043e\\u0434\\u0438\\u0442 \\u0432 \\u0451\\u043e\\u043d(\\u044f\\u043f\\u043e\\u043d\\u0441\\u043a\\u0438\\u0439)\"]}}]"}}, {"model": "admin.logentry", "pk": 599, "fields": {"action_time": "2023-04-22T21:15:56.617Z", "user": 1, "content_type": 15, "object_id": "94", "object_repr": "きゅ (平仮名)", "action_flag": 2, "change_message": "[{\"changed\": {\"fields\": [\"\\u0412\\u0445\\u043e\\u0434\\u0438\\u0442 \\u0432 \\u0451\\u043e\\u043d(\\u044f\\u043f\\u043e\\u043d\\u0441\\u043a\\u0438\\u0439)\"]}}]"}}, {"model": "admin.logentry", "pk": 600, "fields": {"action_time": "2023-04-22T21:15:59.600Z", "user": 1, "content_type": 15, "object_id": "93", "object_repr": "きゃ (平仮名)", "action_flag": 2, "change_message": "[{\"changed\": {\"fields\": [\"\\u0412\\u0445\\u043e\\u0434\\u0438\\u0442 \\u0432 \\u0451\\u043e\\u043d(\\u044f\\u043f\\u043e\\u043d\\u0441\\u043a\\u0438\\u0439)\"]}}]"}}, {"model": "auth.permission", "pk": 1, "fields": {"name": "Can add log entry", "content_type": 1, "codename": "add_logentry"}}, {"model": "auth.permission", "pk": 2, "fields": {"name": "Can change log entry", "content_type": 1, "codename": "change_logentry"}}, {"model": "auth.permission", "pk": 3, "fields": {"name": "Can delete log entry", "content_type": 1, "codename": "delete_logentry"}}, {"model": "auth.permission", "pk": 4, "fields": {"name": "Can view log entry", "content_type": 1, "codename": "view_logentry"}}, {"model": "auth.permission", "pk": 5, "fields": {"name": "Can add permission", "content_type": 2, "codename": "add_permission"}}, {"model": "auth.permission", "pk": 6, "fields": {"name": "Can change permission", "content_type": 2, "codename": "change_permission"}}, {"model": "auth.permission", "pk": 7, "fields": {"name": "Can delete permission", "content_type": 2, "codename": "delete_permission"}}, {"model": "auth.permission", "pk": 8, "fields": {"name": "Can view permission", "content_type": 2, "codename": "view_permission"}}, {"model": "auth.permission", "pk": 9, "fields": {"name": "Can add group", "content_type": 3, "codename": "add_group"}}, {"model": "auth.permission", "pk": 10, "fields": {"name": "Can change group", "content_type": 3, "codename": "change_group"}}, {"model": "auth.permission", "pk": 11, "fields": {"name": "Can delete group", "content_type": 3, "codename": "delete_group"}}, {"model": "auth.permission", "pk": 12, "fields": {"name": "Can view group", "content_type": 3, "codename": "view_group"}}, {"model": "auth.permission", "pk": 13, "fields": {"name": "Can add user", "content_type": 4, "codename": "add_user"}}, {"model": "auth.permission", "pk": 14, "fields": {"name": "Can change user", "content_type": 4, "codename": "change_user"}}, {"model": "auth.permission", "pk": 15, "fields": {"name": "Can delete user", "content_type": 4, "codename": "delete_user"}}, {"model": "auth.permission", "pk": 16, "fields": {"name": "Can view user", "content_type": 4, "codename": "view_user"}}, {"model": "auth.permission", "pk": 17, "fields": {"name": "Can add content type", "content_type": 5, "codename": "add_contenttype"}}, {"model": "auth.permission", "pk": 18, "fields": {"name": "Can change content type", "content_type": 5, "codename": "change_contenttype"}}, {"model": "auth.permission", "pk": 19, "fields": {"name": "Can delete content type", "content_type": 5, "codename": "delete_contenttype"}}, {"model": "auth.permission", "pk": 20, "fields": {"name": "Can view content type", "content_type": 5, "codename": "view_contenttype"}}, {"model": "auth.permission", "pk": 21, "fields": {"name": "Can add session", "content_type": 6, "codename": "add_session"}}, {"model": "auth.permission", "pk": 22, "fields": {"name": "Can change session", "content_type": 6, "codename": "change_session"}}, {"model": "auth.permission", "pk": 23, "fields": {"name": "Can delete session", "content_type": 6, "codename": "delete_session"}}, {"model": "auth.permission", "pk": 24, "fields": {"name": "Can view session", "content_type": 6, "codename": "view_session"}}, {"model": "auth.permission", "pk": 25, "fields": {"name": "Can add подборка", "content_type": 7, "codename": "add_cardgroup"}}, {"model": "auth.permission", "pk": 26, "fields": {"name": "Can change подборка", "content_type": 7, "codename": "change_cardgroup"}}, {"model": "auth.permission", "pk": 27, "fields": {"name": "Can delete подборка", "content_type": 7, "codename": "delete_cardgroup"}}, {"model": "auth.permission", "pk": 28, "fields": {"name": "Can view подборка", "content_type": 7, "codename": "view_cardgroup"}}, {"model": "auth.permission", "pk": 29, "fields": {"name": "Can add язык", "content_type": 8, "codename": "add_language"}}, {"model": "auth.permission", "pk": 30, "fields": {"name": "Can change язык", "content_type": 8, "codename": "change_language"}}, {"model": "auth.permission", "pk": 31, "fields": {"name": "Can delete язык", "content_type": 8, "codename": "delete_language"}}, {"model": "auth.permission", "pk": 32, "fields": {"name": "Can view язык", "content_type": 8, "codename": "view_language"}}, {"model": "auth.permission", "pk": 33, "fields": {"name": "Can add cлово", "content_type": 9, "codename": "add_word"}}, {"model": "auth.permission", "pk": 34, "fields": {"name": "Can change cлово", "content_type": 9, "codename": "change_word"}}, {"model": "auth.permission", "pk": 35, "fields": {"name": "Can delete cлово", "content_type": 9, "codename": "delete_word"}}, {"model": "auth.permission", "pk": 36, "fields": {"name": "Can view cлово", "content_type": 9, "codename": "view_word"}}, {"model": "auth.permission", "pk": 37, "fields": {"name": "Can add карточка", "content_type": 10, "codename": "add_wordcard"}}, {"model": "auth.permission", "pk": 38, "fields": {"name": "Can change карточка", "content_type": 10, "codename": "change_wordcard"}}, {"model": "auth.permission", "pk": 39, "fields": {"name": "Can delete карточка", "content_type": 10, "codename": "delete_wordcard"}}, {"model": "auth.permission", "pk": 40, "fields": {"name": "Can view карточка", "content_type": 10, "codename": "view_wordcard"}}, {"model": "auth.permission", "pk": 41, "fields": {"name": "Can add Прогресс", "content_type": 11, "codename": "add_wordcardprogress"}}, {"model": "auth.permission", "pk": 42, "fields": {"name": "Can change Прогресс", "content_type": 11, "codename": "change_wordcardprogress"}}, {"model": "auth.permission", "pk": 43, "fields": {"name": "Can delete Прогресс", "content_type": 11, "codename": "delete_wordcardprogress"}}, {"model": "auth.permission", "pk": 44, "fields": {"name": "Can view Прогресс", "content_type": 11, "codename": "view_wordcardprogress"}}, {"model": "auth.permission", "pk": 45, "fields": {"name": "Can add word card training", "content_type": 12, "codename": "add_wordcardtraining"}}, {"model": "auth.permission", "pk": 46, "fields": {"name": "Can change word card training", "content_type": 12, "codename": "change_wordcardtraining"}}, {"model": "auth.permission", "pk": 47, "fields": {"name": "Can delete word card training", "content_type": 12, "codename": "delete_wordcardtraining"}}, {"model": "auth.permission", "pk": 48, "fields": {"name": "Can view word card training", "content_type": 12, "codename": "view_wordcardtraining"}}, {"model": "auth.permission", "pk": 49, "fields": {"name": "Can add Профиль пользователя", "content_type": 13, "codename": "add_userprofile"}}, {"model": "auth.permission", "pk": 50, "fields": {"name": "Can change Профиль пользователя", "content_type": 13, "codename": "change_userprofile"}}, {"model": "auth.permission", "pk": 51, "fields": {"name": "Can delete Профиль пользователя", "content_type": 13, "codename": "delete_userprofile"}}, {"model": "auth.permission", "pk": 52, "fields": {"name": "Can view Профиль пользователя", "content_type": 13, "codename": "view_userprofile"}}, {"model": "auth.permission", "pk": 53, "fields": {"name": "Can add alphabet", "content_type": 14, "codename": "add_alphabet"}}, {"model": "auth.permission", "pk": 54, "fields": {"name": "Can change alphabet", "content_type": 14, "codename": "change_alphabet"}}, {"model": "auth.permission", "pk": 55, "fields": {"name": "Can delete alphabet", "content_type": 14, "codename": "delete_alphabet"}}, {"model": "auth.permission", "pk": 56, "fields": {"name": "Can view alphabet", "content_type": 14, "codename": "view_alphabet"}}, {"model": "auth.permission", "pk": 57, "fields": {"name": "Can add alphabet entry", "content_type": 15, "codename": "add_alphabetentry"}}, {"model": "auth.permission", "pk": 58, "fields": {"name": "Can change alphabet entry", "content_type": 15, "codename": "change_alphabetentry"}}, {"model": "auth.permission", "pk": 59, "fields": {"name": "Can delete alphabet entry", "content_type": 15, "codename": "delete_alphabetentry"}}, {"model": "auth.permission", "pk": 60, "fields": {"name": "Can view alphabet entry", "content_type": 15, "codename": "view_alphabetentry"}}, {"model": "auth.permission", "pk": 61, "fields": {"name": "Can add letter", "content_type": 16, "codename": "add_letter"}}, {"model": "auth.permission", "pk": 62, "fields": {"name": "Can change letter", "content_type": 16, "codename": "change_letter"}}, {"model": "auth.permission", "pk": 63, "fields": {"name": "Can delete letter", "content_type": 16, "codename": "delete_letter"}}, {"model": "auth.permission", "pk": 64, "fields": {"name": "Can view letter", "content_type": 16, "codename": "view_letter"}}, {"model": "auth.permission", "pk": 65, "fields": {"name": "Can add letter group", "content_type": 17, "codename": "add_lettergroup"}}, {"model": "auth.permission", "pk": 66, "fields": {"name": "Can change letter group", "content_type": 17, "codename": "change_lettergroup"}}, {"model": "auth.permission", "pk": 67, "fields": {"name": "Can delete letter group", "content_type": 17, "codename": "delete_lettergroup"}}, {"model": "auth.permission", "pk": 68, "fields": {"name": "Can view letter group", "content_type": 17, "codename": "view_lettergroup"}}, {"model": "auth.user", "pk": 1, "fields": {"password": "pbkdf2_sha256$390000$2eF2i7fqSEzhUtEq2rGLlj$ykrZ/rn/FOZSaXSEWKsrKWd9W395Yd3eol0jjaEdlyc=", "last_login": "2023-04-21T15:36:32.483Z", "is_superuser": true, "username": "aidev", "first_name": "", "last_name": "", "email": "", "is_staff": true, "is_active": true, "date_joined": "2023-04-20T20:48:07.955Z", "groups": [], "user_permissions": []}}, {"model": "auth.user", "pk": 2, "fields": {"password": "pbkdf2_sha256$390000$MDRW64B4LrOnKhXhtYdVWJ$8wPeI1afZrr2GaAATt4jJwbL1JeHAJLMdoFQS8qdWA4=", "last_login": null, "is_superuser": true, "username": "carolus", "first_name": "", "last_name": "", "email": "", "is_staff": true, "is_active": true, "date_joined": "2023-04-20T20:49:05.895Z", "groups": [], "user_permissions": []}}, {"model": "contenttypes.contenttype", "pk": 1, "fields": {"app_label": "admin", "model": "logentry"}}, {"model": "contenttypes.contenttype", "pk": 2, "fields": {"app_label": "auth", "model": "permission"}}, {"model": "contenttypes.contenttype", "pk": 3, "fields": {"app_label": "auth", "model": "group"}}, {"model": "contenttypes.contenttype", "pk": 4, "fields": {"app_label": "auth", "model": "user"}}, {"model": "contenttypes.contenttype", "pk": 5, "fields": {"app_label": "contenttypes", "model": "contenttype"}}, {"model": "contenttypes.contenttype", "pk": 6, "fields": {"app_label": "sessions", "model": "session"}}, {"model": "contenttypes.contenttype", "pk": 7, "fields": {"app_label": "dictionary", "model": "cardgroup"}}, {"model": "contenttypes.contenttype", "pk": 8, "fields": {"app_label": "dictionary", "model": "language"}}, {"model": "contenttypes.contenttype", "pk": 9, "fields": {"app_label": "dictionary", "model": "word"}}, {"model": "contenttypes.contenttype", "pk": 10, "fields": {"app_label": "dictionary", "model": "wordcard"}}, {"model": "contenttypes.contenttype", "pk": 11, "fields": {"app_label": "dictionary", "model": "wordcardprogress"}}, {"model": "contenttypes.contenttype", "pk": 12, "fields": {"app_label": "trainings", "model": "wordcardtraining"}}, {"model": "contenttypes.contenttype", "pk": 13, "fields": {"app_label": "userprofile", "model": "userprofile"}}, {"model": "contenttypes.contenttype", "pk": 14, "fields": {"app_label": "alphabet", "model": "alphabet"}}, {"model": "contenttypes.contenttype", "pk": 15, "fields": {"app_label": "alphabet", "model": "alphabetentry"}}, {"model": "contenttypes.contenttype", "pk": 16, "fields": {"app_label": "alphabet", "model": "letter"}}, {"model": "contenttypes.contenttype", "pk": 17, "fields": {"app_label": "alphabet", "model": "lettergroup"}}, {"model": "sessions.session", "pk": "adpzsrz16iemj1gh8lzaayfecqu03bio", "fields": {"session_data": ".eJxVjDEOAiEQRe9CbQgKzIClvWcgwAyyaiBZdivj3XWTLbT9773_EiGuSw3r4DlMJM7iKA6_W4r5wW0DdI_t1mXubZmnJDdF7nTIayd-Xnb376DGUb91Qc9AlilZ5cA7Aq8twQmLUwwpMypvUBfQmbXhaBBdAnCFlUGHVrw_40o3gw:1ppcjV:KZzDTyiyPv7PjQOfOZCaRvNIOV4Qm3IHIxONdFfj_VQ", "expire_date": "2023-05-04T22:26:29.293Z"}}, {"model": "sessions.session", "pk": "ci3bnu3zgb1fcapyoo40nbwjgpxjr4t6", "fields": {"session_data": ".eJxVjDEOAiEQRe9CbQgKzIClvWcgwAyyaiBZdivj3XWTLbT9773_EiGuSw3r4DlMJM7iKA6_W4r5wW0DdI_t1mXubZmnJDdF7nTIayd-Xnb376DGUb91Qc9AlilZ5cA7Aq8twQmLUwwpMypvUBfQmbXhaBBdAnCFlUGHVrw_40o3gw:1ppsoK:yQg1dRvgSdOQnG0CmpILtMF4BqYzBdpS4LFcwMcd6mw", "expire_date": "2023-05-05T15:36:32.487Z"}}, {"model": "sessions.session", "pk": "mrso95caxle9j8reblum3qkolqid3oov", "fields": {"session_data": ".eJxVjDEOAiEQRe9CbQgKzIClvWcgwAyyaiBZdivj3XWTLbT9773_EiGuSw3r4DlMJM7iKA6_W4r5wW0DdI_t1mXubZmnJDdF7nTIayd-Xnb376DGUb91Qc9AlilZ5cA7Aq8twQmLUwwpMypvUBfQmbXhaBBdAnCFlUGHVrw_40o3gw:1ppbCk:_Q_wE80yhgaq1t9WIzm9GX8dNT2Dy0ItLrEB7HnwIrY", "expire_date": "2023-05-04T20:48:34.666Z"}}, {"model": "sessions.session", "pk": "owssl5godlxkk3l696jq4qj2g2lvp86x", "fields": {"session_data": ".eJxVjDEOAiEQRe9CbQgKzIClvWcgwAyyaiBZdivj3XWTLbT9773_EiGuSw3r4DlMJM7iKA6_W4r5wW0DdI_t1mXubZmnJDdF7nTIayd-Xnb376DGUb91Qc9AlilZ5cA7Aq8twQmLUwwpMypvUBfQmbXhaBBdAnCFlUGHVrw_40o3gw:1ppsoJ:VufSuaNktjZuxgfUm8d_g_I-JdXCEvq5jW2W0Ow7XY8", "expire_date": "2023-05-05T15:36:31.813Z"}}, {"model": "sessions.session", "pk": "tzosoyktnvq8koxwy2dot9byd975aukk", "fields": {"session_data": ".eJxVjDEOAiEQRe9CbQgKzIClvWcgwAyyaiBZdivj3XWTLbT9773_EiGuSw3r4DlMJM7iKA6_W4r5wW0DdI_t1mXubZmnJDdF7nTIayd-Xnb376DGUb91Qc9AlilZ5cA7Aq8twQmLUwwpMypvUBfQmbXhaBBdAnCFlUGHVrw_40o3gw:1ppkrr:5FlUWzXzOdTH8SOnMlfzeXel9lKvuhqMq3GudUXsL90", "expire_date": "2023-05-05T07:07:39.063Z"}}, {"model": "dictionary.language", "pk": 1, "fields": {"name": "Английский", "flag_code": "en", "emoji": ""}}, {"model": "dictionary.language", "pk": 2, "fields": {"name": "Русский", "flag_code": "ru", "emoji": ""}}, {"model": "dictionary.language", "pk": 3, "fields": {"name": "Японский", "flag_code": "ja", "emoji": ""}}, {"model": "dictionary.language", "pk": 4, "fields": {"name": "Грузинский", "flag_code": "ka", "emoji": ""}}, {"model": "dictionary.word", "pk": 1, "fields": {"text": "一", "language": 3}}, {"model": "dictionary.word", "pk": 2, "fields": {"text": "один", "language": 2}}, {"model": "dictionary.word", "pk": 3, "fields": {"text": "二", "language": 3}}, {"model": "dictionary.word", "pk": 4, "fields": {"text": "два", "language": 2}}, {"model": "dictionary.word", "pk": 5, "fields": {"text": "三", "language": 3}}, {"model": "dictionary.word", "pk": 6, "fields": {"text": "три", "language": 2}}, {"model": "dictionary.word", "pk": 7, "fields": {"text": "四", "language": 3}}, {"model": "dictionary.word", "pk": 8, "fields": {"text": "четыре", "language": 2}}, {"model": "dictionary.word", "pk": 9, "fields": {"text": "五", "language": 3}}, {"model": "dictionary.word", "pk": 10, "fields": {"text": "пять", "language": 2}}, {"model": "dictionary.word", "pk": 11, "fields": {"text": "六", "language": 3}}, {"model": "dictionary.word", "pk": 12, "fields": {"text": "шесть", "language": 2}}, {"model": "dictionary.word", "pk": 13, "fields": {"text": "七", "language": 3}}, {"model": "dictionary.word", "pk": 14, "fields": {"text": "семь", "language": 2}}, {"model": "dictionary.word", "pk": 15, "fields": {"text": "八", "language": 3}}, {"model": "dictionary.word", "pk": 16, "fields": {"text": "восемь", "language": 2}}, {"model": "dictionary.word", "pk": 17, "fields": {"text": "九", "language": 3}}, {"model": "dictionary.word", "pk": 18, "fields": {"text": "девять", "language": 2}}, {"model": "dictionary.word", "pk": 19, "fields": {"text": "十", "language": 3}}, {"model": "dictionary.word", "pk": 20, "fields": {"text": "десять", "language": 2}}, {"model": "dictionary.word", "pk": 21, "fields": {"text": "肉", "language": 3}}, {"model": "dictionary.word", "pk": 22, "fields": {"text": "мясо", "language": 2}}, {"model": "dictionary.word", "pk": 23, "fields": {"text": "水", "language": 3}}, {"model": "dictionary.word", "pk": 24, "fields": {"text": "вода", "language": 2}}, {"model": "dictionary.word", "pk": 25, "fields": {"text": "夏", "language": 3}}, {"model": "dictionary.word", "pk": 26, "fields": {"text": "лето", "language": 2}}, {"model": "dictionary.word", "pk": 27, "fields": {"text": "冬", "language": 3}}, {"model": "dictionary.word", "pk": 28, "fields": {"text": "зима", "language": 2}}, {"model": "dictionary.word", "pk": 29, "fields": {"text": "私", "language": 3}}, {"model": "dictionary.word", "pk": 30, "fields": {"text": "я", "language": 2}}, {"model": "dictionary.word", "pk": 31, "fields": {"text": "僕", "language": 3}}, {"model": "dictionary.word", "pk": 32, "fields": {"text": "いただきます", "language": 3}}, {"model": "dictionary.word", "pk": 33, "fields": {"text": "(фраза, говоримая перед началом еды)", "language": 2}}, {"model": "dictionary.word", "pk": 34, "fields": {"text": "ごちそうさまでした", "language": 3}}, {"model": "dictionary.word", "pk": 35, "fields": {"text": "(благодарность за прием пищи)", "language": 2}}, {"model": "dictionary.word", "pk": 36, "fields": {"text": "こんにちは", "language": 3}}, {"model": "dictionary.word", "pk": 37, "fields": {"text": "Добрый день / Здравствуйте", "language": 2}}, {"model": "dictionary.word", "pk": 38, "fields": {"text": "おはようございます", "language": 3}}, {"model": "dictionary.word", "pk": 39, "fields": {"text": "Доброе утро", "language": 2}}, {"model": "dictionary.word", "pk": 40, "fields": {"text": "こんばんは", "language": 3}}, {"model": "dictionary.word", "pk": 41, "fields": {"text": "Добрый вечер", "language": 2}}, {"model": "dictionary.word", "pk": 42, "fields": {"text": "朝", "language": 3}}, {"model": "dictionary.word", "pk": 43, "fields": {"text": "утро", "language": 2}}, {"model": "dictionary.word", "pk": 44, "fields": {"text": "夜", "language": 3}}, {"model": "dictionary.word", "pk": 45, "fields": {"text": "вечер / ночь", "language": 2}}, {"model": "dictionary.word", "pk": 46, "fields": {"text": "今日", "language": 3}}, {"model": "dictionary.word", "pk": 47, "fields": {"text": "сегодня", "language": 2}}, {"model": "dictionary.word", "pk": 48, "fields": {"text": "今", "language": 3}}, {"model": "dictionary.word", "pk": 49, "fields": {"text": "сейчас", "language": 2}}, {"model": "dictionary.word", "pk": 50, "fields": {"text": "時", "language": 3}}, {"model": "dictionary.word", "pk": 51, "fields": {"text": "час", "language": 2}}, {"model": "dictionary.word", "pk": 52, "fields": {"text": "分", "language": 3}}, {"model": "dictionary.word", "pk": 53, "fields": {"text": "минута", "language": 2}}, {"model": "dictionary.word", "pk": 54, "fields": {"text": "お茶", "language": 3}}, {"model": "dictionary.word", "pk": 55, "fields": {"text": "чай (зеленый)", "language": 2}}, {"model": "dictionary.word", "pk": 56, "fields": {"text": "りんご", "language": 3}}, {"model": "dictionary.word", "pk": 57, "fields": {"text": "яблоко", "language": 2}}, {"model": "dictionary.word", "pk": 58, "fields": {"text": "食べます", "language": 3}}, {"model": "dictionary.word", "pk": 59, "fields": {"text": "есть", "language": 2}}, {"model": "dictionary.word", "pk": 60, "fields": {"text": "御飯", "language": 3}}, {"model": "dictionary.word", "pk": 61, "fields": {"text": "рис", "language": 2}}, {"model": "dictionary.word", "pk": 62, "fields": {"text": "会社", "language": 3}}, {"model": "dictionary.word", "pk": 63, "fields": {"text": "работа", "language": 2}}, {"model": "dictionary.word", "pk": 64, "fields": {"text": "日本", "language": 3}}, {"model": "dictionary.word", "pk": 65, "fields": {"text": "Япония", "language": 2}}, {"model": "dictionary.word", "pk": 66, "fields": {"text": "中国", "language": 3}}, {"model": "dictionary.word", "pk": 67, "fields": {"text": "Китай", "language": 2}}, {"model": "dictionary.word", "pk": 68, "fields": {"text": "午前", "language": 3}}, {"model": "dictionary.word", "pk": 69, "fields": {"text": "до полудня (a.m.)", "language": 2}}, {"model": "dictionary.word", "pk": 70, "fields": {"text": "午後", "language": 3}}, {"model": "dictionary.word", "pk": 71, "fields": {"text": "после полудня (p.m.)", "language": 2}}, {"model": "dictionary.word", "pk": 72, "fields": {"text": "零時", "language": 3}}, {"model": "dictionary.word", "pk": 73, "fields": {"text": "полночь", "language": 2}}, {"model": "dictionary.word", "pk": 74, "fields": {"text": "起きます", "language": 3}}, {"model": "dictionary.word", "pk": 75, "fields": {"text": "просыпаться", "language": 2}}, {"model": "dictionary.wordcard", "pk": 1, "fields": {"word": 1, "transcription": "いち", "translation": 2, "description": "", "example": "", "owner": 2, "is_public": false, "used_by": [], "card_groups": [1]}}, {"model": "dictionary.wordcard", "pk": 2, "fields": {"word": 3, "transcription": "に", "translation": 4, "description": "", "example": "", "owner": 2, "is_public": false, "used_by": [], "card_groups": [1]}}, {"model": "dictionary.wordcard", "pk": 3, "fields": {"word": 5, "transcription": "さん", "translation": 6, "description": "", "example": "", "owner": 2, "is_public": false, "used_by": [], "card_groups": [1]}}, {"model": "dictionary.wordcard", "pk": 4, "fields": {"word": 7, "transcription": "よん", "translation": 8, "description": "", "example": "", "owner": 2, "is_public": false, "used_by": [], "card_groups": []}}, {"model": "dictionary.wordcard", "pk": 5, "fields": {"word": 9, "transcription": "ご", "translation": 10, "description": "", "example": "", "owner": 2, "is_public": false, "used_by": [], "card_groups": [1]}}, {"model": "dictionary.wordcard", "pk": 6, "fields": {"word": 11, "transcription": "ろく", "translation": 12, "description": "", "example": "", "owner": 2, "is_public": false, "used_by": [], "card_groups": [1]}}, {"model": "dictionary.wordcard", "pk": 7, "fields": {"word": 13, "transcription": "なな、しち", "translation": 14, "description": "", "example": "", "owner": 2, "is_public": false, "used_by": [], "card_groups": [1]}}, {"model": "dictionary.wordcard", "pk": 8, "fields": {"word": 15, "transcription": "はち", "translation": 16, "description": "", "example": "", "owner": 2, "is_public": false, "used_by": [], "card_groups": [1]}}, {"model": "dictionary.wordcard", "pk": 9, "fields": {"word": 17, "transcription": "きゅう", "translation": 18, "description": "", "example": "", "owner": 2, "is_public": false, "used_by": [], "card_groups": [1]}}, {"model": "dictionary.wordcard", "pk": 10, "fields": {"word": 19, "transcription": "じゅう", "translation": 20, "description": "", "example": "", "owner": 2, "is_public": false, "used_by": [], "card_groups": [1]}}, {"model": "dictionary.wordcard", "pk": 11, "fields": {"word": 7, "transcription": "よん、し", "translation": 8, "description": "", "example": "", "owner": 2, "is_public": false, "used_by": [], "card_groups": [1]}}, {"model": "dictionary.wordcard", "pk": 12, "fields": {"word": 21, "transcription": "にく", "translation": 22, "description": "", "example": "", "owner": 2, "is_public": false, "used_by": [], "card_groups": [2]}}, {"model": "dictionary.wordcard", "pk": 13, "fields": {"word": 23, "transcription": "みず", "translation": 24, "description": "", "example": "", "owner": 2, "is_public": false, "used_by": [], "card_groups": [2]}}, {"model": "dictionary.wordcard", "pk": 14, "fields": {"word": 25, "transcription": "なつ", "translation": 26, "description": "", "example": "", "owner": 2, "is_public": false, "used_by": [], "card_groups": [3]}}, {"model": "dictionary.wordcard", "pk": 15, "fields": {"word": 27, "transcription": "ふゆ", "translation": 28, "description": "", "example": "", "owner": 2, "is_public": false, "used_by": [], "card_groups": [3]}}, {"model": "dictionary.wordcard", "pk": 16, "fields": {"word": 29, "transcription": "わたし", "translation": 30, "description": "", "example": "私はロシア人です。", "owner": 2, "is_public": false, "used_by": [], "card_groups": [4]}}, {"model": "dictionary.wordcard", "pk": 17, "fields": {"word": 31, "transcription": "僕", "translation": 30, "description": "", "example": "", "owner": 2, "is_public": false, "used_by": [], "card_groups": [4]}}, {"model": "dictionary.wordcard", "pk": 18, "fields": {"word": 32, "transcription": "", "translation": 33, "description": "", "example": "", "owner": 2, "is_public": false, "used_by": [], "card_groups": [2]}}, {"model": "dictionary.wordcard", "pk": 19, "fields": {"word": 34, "transcription": "", "translation": 35, "description": "", "example": "", "owner": 2, "is_public": false, "used_by": [], "card_groups": [2]}}, {"model": "dictionary.wordcard", "pk": 20, "fields": {"word": 36, "transcription": "こんにちは", "translation": 37, "description": "", "example": "", "owner": 2, "is_public": false, "used_by": [], "card_groups": [5]}}, {"model": "dictionary.wordcard", "pk": 21, "fields": {"word": 38, "transcription": "", "translation": 39, "description": "", "example": "", "owner": 2, "is_public": false, "used_by": [], "card_groups": [5]}}, {"model": "dictionary.wordcard", "pk": 22, "fields": {"word": 40, "transcription": "", "translation": 41, "description": "", "example": "", "owner": 2, "is_public": false, "used_by": [], "card_groups": [5]}}, {"model": "dictionary.wordcard", "pk": 23, "fields": {"word": 42, "transcription": "あさ", "translation": 43, "description": "", "example": "", "owner": 2, "is_public": false, "used_by": [], "card_groups": [6]}}, {"model": "dictionary.wordcard", "pk": 24, "fields": {"word": 44, "transcription": "よる", "translation": 45, "description": "", "example": "", "owner": 2, "is_public": false, "used_by": [], "card_groups": [6]}}, {"model": "dictionary.wordcard", "pk": 25, "fields": {"word": 46, "transcription": "きょう、こんにち", "translation": 47, "description": "", "example": "", "owner": 2, "is_public": false, "used_by": [], "card_groups": [7]}}, {"model": "dictionary.wordcard", "pk": 26, "fields": {"word": 48, "transcription": "いま", "translation": 49, "description": "", "example": "今は二時です。- Сейчас два часа дня.", "owner": 2, "is_public": false, "used_by": [], "card_groups": [8]}}, {"model": "dictionary.wordcard", "pk": 27, "fields": {"word": 50, "transcription": "じ", "translation": 51, "description": "", "example": "一時 - Час дня", "owner": 2, "is_public": false, "used_by": [], "card_groups": [8]}}, {"model": "dictionary.wordcard", "pk": 28, "fields": {"word": 52, "transcription": "ふん", "translation": 53, "description": "", "example": "七分 - Семь минут", "owner": 2, "is_public": false, "used_by": [], "card_groups": [8]}}, {"model": "dictionary.wordcard", "pk": 29, "fields": {"word": 54, "transcription": "おちゃ", "translation": 55, "description": "", "example": "", "owner": 2, "is_public": false, "used_by": [], "card_groups": [2]}}, {"model": "dictionary.wordcard", "pk": 30, "fields": {"word": 56, "transcription": "", "translation": 57, "description": "", "example": "", "owner": 2, "is_public": false, "used_by": [], "card_groups": [2]}}, {"model": "dictionary.wordcard", "pk": 31, "fields": {"word": 58, "transcription": "たべます", "translation": 59, "description": "", "example": "肉を食べます。 - Я ем мясо.", "owner": 2, "is_public": false, "used_by": [], "card_groups": [2]}}, {"model": "dictionary.wordcard", "pk": 32, "fields": {"word": 60, "transcription": "ごはん", "translation": 61, "description": "", "example": "", "owner": 2, "is_public": false, "used_by": [], "card_groups": [2]}}, {"model": "dictionary.wordcard", "pk": 33, "fields": {"word": 62, "transcription": "かいしゃ", "translation": 63, "description": "", "example": "", "owner": 2, "is_public": false, "used_by": [], "card_groups": [10]}}, {"model": "dictionary.wordcard", "pk": 34, "fields": {"word": 64, "transcription": "にほん", "translation": 65, "description": "", "example": "", "owner": 2, "is_public": false, "used_by": [], "card_groups": [11]}}, {"model": "dictionary.wordcard", "pk": 35, "fields": {"word": 66, "transcription": "ちゅうごく", "translation": 67, "description": "", "example": "", "owner": 2, "is_public": false, "used_by": [], "card_groups": [11]}}, {"model": "dictionary.wordcard", "pk": 36, "fields": {"word": 68, "transcription": "ごぜん", "translation": 69, "description": "", "example": "", "owner": 2, "is_public": false, "used_by": [], "card_groups": [8]}}, {"model": "dictionary.wordcard", "pk": 37, "fields": {"word": 70, "transcription": "ごご", "translation": 71, "description": "", "example": "", "owner": 2, "is_public": false, "used_by": [], "card_groups": [8]}}, {"model": "dictionary.wordcard", "pk": 38, "fields": {"word": 72, "transcription": "れいじ", "translation": 73, "description": "", "example": "", "owner": 2, "is_public": false, "used_by": [], "card_groups": [8]}}, {"model": "dictionary.wordcard", "pk": 39, "fields": {"word": 74, "transcription": "おきます", "translation": 75, "description": "", "example": "五時に起きます。", "owner": 2, "is_public": false, "used_by": [], "card_groups": [12]}}, {"model": "dictionary.cardgroup", "pk": 1, "fields": {"name": "Числа", "language": 3, "owner": 2, "is_public": false, "used_by": []}}, {"model": "dictionary.cardgroup", "pk": 2, "fields": {"name": "Еда", "language": 3, "owner": 2, "is_public": false, "used_by": []}}, {"model": "dictionary.cardgroup", "pk": 3, "fields": {"name": "Времена года", "language": 3, "owner": 2, "is_public": false, "used_by": []}}, {"model": "dictionary.cardgroup", "pk": 4, "fields": {"name": "Местоимения", "language": 3, "owner": 2, "is_public": false, "used_by": []}}, {"model": "dictionary.cardgroup", "pk": 5, "fields": {"name": "Вежливость", "language": 3, "owner": 2, "is_public": false, "used_by": []}}, {"model": "dictionary.cardgroup", "pk": 6, "fields": {"name": "День", "language": 3, "owner": 2, "is_public": false, "used_by": []}}, {"model": "dictionary.cardgroup", "pk": 7, "fields": {"name": "Дни недели", "language": 3, "owner": 2, "is_public": false, "used_by": []}}, {"model": "dictionary.cardgroup", "pk": 8, "fields": {"name": "Время", "language": 3, "owner": 2, "is_public": false, "used_by": []}}, {"model": "dictionary.cardgroup", "pk": 9, "fields": {"name": "Технические термины", "language": 1, "owner": 1, "is_public": false, "used_by": []}}, {"model": "dictionary.cardgroup", "pk": 10, "fields": {"name": "Работа", "language": 3, "owner": 2, "is_public": false, "used_by": []}}, {"model": "dictionary.cardgroup", "pk": 11, "fields": {"name": "Страны", "language": 3, "owner": 2, "is_public": false, "used_by": []}}, {"model": "dictionary.cardgroup", "pk": 12, "fields": {"name": "Распорядок дня", "language": 3, "owner": 2, "is_public": false, "used_by": []}}, {"model": "dictionary.wordcardprogress", "pk": 1, "fields": {"owner": 2, "card": 2, "score": 1}}, {"model": "dictionary.wordcardprogress", "pk": 2, "fields": {"owner": 2, "card": 22, "score": 1}}, {"model": "dictionary.wordcardprogress", "pk": 3, "fields": {"owner": 2, "card": 20, "score": 1}}, {"model": "dictionary.wordcardprogress", "pk": 4, "fields": {"owner": 2, "card": 8, "score": 1}}, {"model": "dictionary.wordcardprogress", "pk": 5, "fields": {"owner": 2, "card": 25, "score": 2}}, {"model": "dictionary.wordcardprogress", "pk": 6, "fields": {"owner": 2, "card": 11, "score": 1}}, {"model": "dictionary.wordcardprogress", "pk": 7, "fields": {"owner": 2, "card": 14, "score": 1}}, {"model": "dictionary.wordcardprogress", "pk": 8, "fields": {"owner": 2, "card": 1, "score": 1}}, {"model": "dictionary.wordcardprogress", "pk": 9, "fields": {"owner": 2, "card": 17, "score": 1}}, {"model": "trainings.wordcardtraining", "pk": "080dfe1c-aae1-43ba-8995-e2b792dc1abe", "fields": {"user": 2, "wordcard": 5, "answer": "пять", "onetime": true}}, {"model": "userprofile.userprofile", "pk": 1, "fields": {"user": 1, "default_language": 2}}, {"model": "userprofile.userprofile", "pk": 2, "fields": {"user": 2, "default_language": 2}}, {"model": "alphabet.letter", "pk": 1, "fields": {"symbol": "あ", "transcription": "a", "language": 3}}, {"model": "alphabet.letter", "pk": 2, "fields": {"symbol": "い", "transcription": "i", "language": 3}}, {"model": "alphabet.letter", "pk": 3, "fields": {"symbol": "う", "transcription": "u", "language": 3}}, {"model": "alphabet.letter", "pk": 4, "fields": {"symbol": "え", "transcription": "e", "language": 3}}, {"model": "alphabet.letter", "pk": 5, "fields": {"symbol": "お", "transcription": "o", "language": 3}}, {"model": "alphabet.letter", "pk": 6, "fields": {"symbol": "か", "transcription": "ka", "language": 3}}, {"model": "alphabet.letter", "pk": 7, "fields": {"symbol": "き", "transcription": "ki", "language": 3}}, {"model": "alphabet.letter", "pk": 8, "fields": {"symbol": "く", "transcription": "ku", "language": 3}}, {"model": "alphabet.letter", "pk": 9, "fields": {"symbol": "け", "transcription": "ke", "language": 3}}, {"model": "alphabet.letter", "pk": 10, "fields": {"symbol": "こ", "transcription": "ko", "language": 3}}, {"model": "alphabet.letter", "pk": 11, "fields": {"symbol": "さ", "transcription": "sa", "language": 3}}, {"model": "alphabet.letter", "pk": 12, "fields": {"symbol": "し", "transcription": "shi", "language": 3}}, {"model": "alphabet.letter", "pk": 13, "fields": {"symbol": "す", "transcription": "su", "language": 3}}, {"model": "alphabet.letter", "pk": 14, "fields": {"symbol": "せ", "transcription": "se", "language": 3}}, {"model": "alphabet.letter", "pk": 15, "fields": {"symbol": "そ", "transcription": "so", "language": 3}}, {"model": "alphabet.letter", "pk": 16, "fields": {"symbol": "た", "transcription": "ta", "language": 3}}, {"model": "alphabet.letter", "pk": 17, "fields": {"symbol": "ち", "transcription": "chi", "language": 3}}, {"model": "alphabet.letter", "pk": 18, "fields": {"symbol": "つ", "transcription": "tsu", "language": 3}}, {"model": "alphabet.letter", "pk": 19, "fields": {"symbol": "て", "transcription": "te", "language": 3}}, {"model": "alphabet.letter", "pk": 20, "fields": {"symbol": "と", "transcription": "to", "language": 3}}, {"model": "alphabet.letter", "pk": 21, "fields": {"symbol": "な", "transcription": "na", "language": 3}}, {"model": "alphabet.letter", "pk": 22, "fields": {"symbol": "に", "transcription": "ni", "language": 3}}, {"model": "alphabet.letter", "pk": 23, "fields": {"symbol": "ぬ", "transcription": "nu", "language": 3}}, {"model": "alphabet.letter", "pk": 24, "fields": {"symbol": "ね", "transcription": "ne", "language": 3}}, {"model": "alphabet.letter", "pk": 25, "fields": {"symbol": "の", "transcription": "no", "language": 3}}, {"model": "alphabet.letter", "pk": 26, "fields": {"symbol": "は", "transcription": "ha", "language": 3}}, {"model": "alphabet.letter", "pk": 27, "fields": {"symbol": "ひ", "transcription": "hi", "language": 3}}, {"model": "alphabet.letter", "pk": 28, "fields": {"symbol": "ふ", "transcription": "fu", "language": 3}}, {"model": "alphabet.letter", "pk": 29, "fields": {"symbol": "へ", "transcription": "he", "language": 3}}, {"model": "alphabet.letter", "pk": 30, "fields": {"symbol": "ほ", "transcription": "ho", "language": 3}}, {"model": "alphabet.letter", "pk": 31, "fields": {"symbol": "ま", "transcription": "ma", "language": 3}}, {"model": "alphabet.letter", "pk": 32, "fields": {"symbol": "み", "transcription": "mi", "language": 3}}, {"model": "alphabet.letter", "pk": 33, "fields": {"symbol": "む", "transcription": "mu", "language": 3}}, {"model": "alphabet.letter", "pk": 34, "fields": {"symbol": "め", "transcription": "me", "language": 3}}, {"model": "alphabet.letter", "pk": 35, "fields": {"symbol": "も", "transcription": "mo", "language": 3}}, {"model": "alphabet.letter", "pk": 36, "fields": {"symbol": "や", "transcription": "ya", "language": 3}}, {"model": "alphabet.letter", "pk": 37, "fields": {"symbol": "ゆ", "transcription": "yu", "language": 3}}, {"model": "alphabet.letter", "pk": 38, "fields": {"symbol": "よ", "transcription": "yo", "language": 3}}, {"model": "alphabet.letter", "pk": 39, "fields": {"symbol": "ら", "transcription": "ra", "language": 3}}, {"model": "alphabet.letter", "pk": 40, "fields": {"symbol": "り", "transcription": "ri", "language": 3}}, {"model": "alphabet.letter", "pk": 41, "fields": {"symbol": "る", "transcription": "ru", "language": 3}}, {"model": "alphabet.letter", "pk": 42, "fields": {"symbol": "れ", "transcription": "re", "language": 3}}, {"model": "alphabet.letter", "pk": 43, "fields": {"symbol": "ろ", "transcription": "ro", "language": 3}}, {"model": "alphabet.letter", "pk": 44, "fields": {"symbol": "わ", "transcription": "wa", "language": 3}}, {"model": "alphabet.letter", "pk": 45, "fields": {"symbol": "を", "transcription": "wo", "language": 3}}, {"model": "alphabet.letter", "pk": 46, "fields": {"symbol": "ん", "transcription": "n", "language": 3}}, {"model": "alphabet.letter", "pk": 47, "fields": {"symbol": "ア", "transcription": "a", "language": 3}}, {"model": "alphabet.letter", "pk": 48, "fields": {"symbol": "イ", "transcription": "i", "language": 3}}, {"model": "alphabet.letter", "pk": 49, "fields": {"symbol": "ウ", "transcription": "u", "language": 3}}, {"model": "alphabet.letter", "pk": 50, "fields": {"symbol": "エ", "transcription": "e", "language": 3}}, {"model": "alphabet.letter", "pk": 51, "fields": {"symbol": "オ", "transcription": "o", "language": 3}}, {"model": "alphabet.letter", "pk": 52, "fields": {"symbol": "カ", "transcription": "ka", "language": 3}}, {"model": "alphabet.letter", "pk": 53, "fields": {"symbol": "キ", "transcription": "ki", "language": 3}}, {"model": "alphabet.letter", "pk": 54, "fields": {"symbol": "ク", "transcription": "ku", "language": 3}}, {"model": "alphabet.letter", "pk": 55, "fields": {"symbol": "ケ", "transcription": "ke", "language": 3}}, {"model": "alphabet.letter", "pk": 56, "fields": {"symbol": "コ", "transcription": "ko", "language": 3}}, {"model": "alphabet.letter", "pk": 57, "fields": {"symbol": "サ", "transcription": "sa", "language": 3}}, {"model": "alphabet.letter", "pk": 58, "fields": {"symbol": "シ", "transcription": "shi", "language": 3}}, {"model": "alphabet.letter", "pk": 59, "fields": {"symbol": "ス", "transcription": "su", "language": 3}}, {"model": "alphabet.letter", "pk": 60, "fields": {"symbol": "セ", "transcription": "se", "language": 3}}, {"model": "alphabet.letter", "pk": 61, "fields": {"symbol": "ソ", "transcription": "so", "language": 3}}, {"model": "alphabet.letter", "pk": 62, "fields": {"symbol": "タ", "transcription": "ta", "language": 3}}, {"model": "alphabet.letter", "pk": 63, "fields": {"symbol": "チ", "transcription": "chi", "language": 3}}, {"model": "alphabet.letter", "pk": 64, "fields": {"symbol": "ツ", "transcription": "tsu", "language": 3}}, {"model": "alphabet.letter", "pk": 65, "fields": {"symbol": "テ", "transcription": "te", "language": 3}}, {"model": "alphabet.letter", "pk": 66, "fields": {"symbol": "ト", "transcription": "to", "language": 3}}, {"model": "alphabet.letter", "pk": 67, "fields": {"symbol": "ナ", "transcription": "na", "language": 3}}, {"model": "alphabet.letter", "pk": 68, "fields": {"symbol": "ニ", "transcription": "ni", "language": 3}}, {"model": "alphabet.letter", "pk": 69, "fields": {"symbol": "ヌ", "transcription": "nu", "language": 3}}, {"model": "alphabet.letter", "pk": 70, "fields": {"symbol": "ネ", "transcription": "ne", "language": 3}}, {"model": "alphabet.letter", "pk": 71, "fields": {"symbol": "ノ", "transcription": "no", "language": 3}}, {"model": "alphabet.letter", "pk": 72, "fields": {"symbol": "ハ", "transcription": "ha", "language": 3}}, {"model": "alphabet.letter", "pk": 73, "fields": {"symbol": "ヒ", "transcription": "hi", "language": 3}}, {"model": "alphabet.letter", "pk": 74, "fields": {"symbol": "フ", "transcription": "fu", "language": 3}}, {"model": "alphabet.letter", "pk": 75, "fields": {"symbol": "ヘ", "transcription": "he", "language": 3}}, {"model": "alphabet.letter", "pk": 76, "fields": {"symbol": "ホ", "transcription": "ho", "language": 3}}, {"model": "alphabet.letter", "pk": 77, "fields": {"symbol": "マ", "transcription": "ma", "language": 3}}, {"model": "alphabet.letter", "pk": 78, "fields": {"symbol": "ミ", "transcription": "mi", "language": 3}}, {"model": "alphabet.letter", "pk": 79, "fields": {"symbol": "ム", "transcription": "mu", "language": 3}}, {"model": "alphabet.letter", "pk": 80, "fields": {"symbol": "メ", "transcription": "me", "language": 3}}, {"model": "alphabet.letter", "pk": 81, "fields": {"symbol": "モ", "transcription": "mo", "language": 3}}, {"model": "alphabet.letter", "pk": 82, "fields": {"symbol": "ヤ", "transcription": "ya", "language": 3}}, {"model": "alphabet.letter", "pk": 83, "fields": {"symbol": "ユ", "transcription": "yu", "language": 3}}, {"model": "alphabet.letter", "pk": 84, "fields": {"symbol": "ヨ", "transcription": "yo", "language": 3}}, {"model": "alphabet.letter", "pk": 85, "fields": {"symbol": "ラ", "transcription": "ra", "language": 3}}, {"model": "alphabet.letter", "pk": 86, "fields": {"symbol": "リ", "transcription": "ri", "language": 3}}, {"model": "alphabet.letter", "pk": 87, "fields": {"symbol": "ル", "transcription": "ru", "language": 3}}, {"model": "alphabet.letter", "pk": 88, "fields": {"symbol": "レ", "transcription": "re", "language": 3}}, {"model": "alphabet.letter", "pk": 89, "fields": {"symbol": "ロ", "transcription": "ro", "language": 3}}, {"model": "alphabet.letter", "pk": 90, "fields": {"symbol": "ワ", "transcription": "wa", "language": 3}}, {"model": "alphabet.letter", "pk": 91, "fields": {"symbol": "ヲ", "transcription": "wo", "language": 3}}, {"model": "alphabet.letter", "pk": 92, "fields": {"symbol": "ン", "transcription": "n", "language": 3}}, {"model": "alphabet.letter", "pk": 93, "fields": {"symbol": "きゃ", "transcription": "kya", "language": 3}}, {"model": "alphabet.letter", "pk": 94, "fields": {"symbol": "きゅ", "transcription": "kyu", "language": 3}}, {"model": "alphabet.letter", "pk": 95, "fields": {"symbol": "きょ", "transcription": "kyo", "language": 3}}, {"model": "alphabet.letter", "pk": 96, "fields": {"symbol": "しゃ", "transcription": "sha", "language": 3}}, {"model": "alphabet.letter", "pk": 97, "fields": {"symbol": "しゅ", "transcription": "shu", "language": 3}}, {"model": "alphabet.letter", "pk": 98, "fields": {"symbol": "しょ", "transcription": "sho", "language": 3}}, {"model": "alphabet.letter", "pk": 99, "fields": {"symbol": "ちゃ", "transcription": "cha", "language": 3}}, {"model": "alphabet.letter", "pk": 100, "fields": {"symbol": "ちゅ", "transcription": "chu", "language": 3}}, {"model": "alphabet.letter", "pk": 101, "fields": {"symbol": "ちょ", "transcription": "cho", "language": 3}}, {"model": "alphabet.letter", "pk": 102, "fields": {"symbol": "にゃ", "transcription": "nya", "language": 3}}, {"model": "alphabet.letter", "pk": 103, "fields": {"symbol": "にゅ", "transcription": "nyu", "language": 3}}, {"model": "alphabet.letter", "pk": 104, "fields": {"symbol": "にょ", "transcription": "nyo", "language": 3}}, {"model": "alphabet.letter", "pk": 105, "fields": {"symbol": "ひゃ", "transcription": "hya", "language": 3}}, {"model": "alphabet.letter", "pk": 106, "fields": {"symbol": "ひゅ", "transcription": "hyu", "language": 3}}, {"model": "alphabet.letter", "pk": 107, "fields": {"symbol": "ひょ", "transcription": "hyo", "language": 3}}, {"model": "alphabet.letter", "pk": 108, "fields": {"symbol": "みゃ", "transcription": "mya", "language": 3}}, {"model": "alphabet.letter", "pk": 109, "fields": {"symbol": "みゅ", "transcription": "myu", "language": 3}}, {"model": "alphabet.letter", "pk": 110, "fields": {"symbol": "みょ", "transcription": "myo", "language": 3}}, {"model": "alphabet.letter", "pk": 111, "fields": {"symbol": "りゃ", "transcription": "rya", "language": 3}}, {"model": "alphabet.letter", "pk": 112, "fields": {"symbol": "りゅ", "transcription": "ryu", "language": 3}}, {"model": "alphabet.letter", "pk": 113, "fields": {"symbol": "りょ", "transcription": "ryo", "language": 3}}, {"model": "alphabet.letter", "pk": 114, "fields": {"symbol": "が", "transcription": "ga", "language": 3}}, {"model": "alphabet.letter", "pk": 115, "fields": {"symbol": "ぎ", "transcription": "gi", "language": 3}}, {"model": "alphabet.letter", "pk": 116, "fields": {"symbol": "ぐ", "transcription": "gu", "language": 3}}, {"model": "alphabet.letter", "pk": 117, "fields": {"symbol": "げ", "transcription": "ge", "language": 3}}, {"model": "alphabet.letter", "pk": 118, "fields": {"symbol": "ご", "transcription": "go", "language": 3}}, {"model": "alphabet.letter", "pk": 119, "fields": {"symbol": "ぎゃ", "transcription": "gya", "language": 3}}, {"model": "alphabet.letter", "pk": 120, "fields": {"symbol": "ぎゅ", "transcription": "gyu", "language": 3}}, {"model": "alphabet.letter", "pk": 121, "fields": {"symbol": "ぎょ", "transcription": "gyo", "language": 3}}, {"model": "alphabet.letter", "pk": 122, "fields": {"symbol": "ざ", "transcription": "za", "language": 3}}, {"model": "alphabet.letter", "pk": 123, "fields": {"symbol": "じ", "transcription": "ji", "language": 3}}, {"model": "alphabet.letter", "pk": 124, "fields": {"symbol": "ず", "transcription": "zu", "language": 3}}, {"model": "alphabet.letter", "pk": 125, "fields": {"symbol": "ぜ", "transcription": "ze", "language": 3}}, {"model": "alphabet.letter", "pk": 126, "fields": {"symbol": "ぞ", "transcription": "zo", "language": 3}}, {"model": "alphabet.letter", "pk": 127, "fields": {"symbol": "じゃ", "transcription": "ja", "language": 3}}, {"model": "alphabet.letter", "pk": 128, "fields": {"symbol": "じゅ", "transcription": "ju", "language": 3}}, {"model": "alphabet.letter", "pk": 129, "fields": {"symbol": "じょ", "transcription": "jo", "language": 3}}, {"model": "alphabet.letter", "pk": 130, "fields": {"symbol": "だ", "transcription": "da", "language": 3}}, {"model": "alphabet.letter", "pk": 131, "fields": {"symbol": "ぢ", "transcription": "ji", "language": 3}}, {"model": "alphabet.letter", "pk": 132, "fields": {"symbol": "づ", "transcription": "zu", "language": 3}}, {"model": "alphabet.letter", "pk": 133, "fields": {"symbol": "で", "transcription": "de", "language": 3}}, {"model": "alphabet.letter", "pk": 134, "fields": {"symbol": "ど", "transcription": "do", "language": 3}}, {"model": "alphabet.letter", "pk": 135, "fields": {"symbol": "ぢゃ", "transcription": "ja", "language": 3}}, {"model": "alphabet.letter", "pk": 136, "fields": {"symbol": "ぢゅ", "transcription": "ju", "language": 3}}, {"model": "alphabet.letter", "pk": 137, "fields": {"symbol": "ぢょ", "transcription": "jo", "language": 3}}, {"model": "alphabet.letter", "pk": 138, "fields": {"symbol": "ば", "transcription": "ba", "language": 3}}, {"model": "alphabet.letter", "pk": 139, "fields": {"symbol": "び", "transcription": "bi", "language": 3}}, {"model": "alphabet.letter", "pk": 140, "fields": {"symbol": "ぶ", "transcription": "bu", "language": 3}}, {"model": "alphabet.letter", "pk": 141, "fields": {"symbol": "べ", "transcription": "be", "language": 3}}, {"model": "alphabet.letter", "pk": 142, "fields": {"symbol": "ぼ", "transcription": "bo", "language": 3}}, {"model": "alphabet.letter", "pk": 143, "fields": {"symbol": "びゃ", "transcription": "bya", "language": 3}}, {"model": "alphabet.letter", "pk": 144, "fields": {"symbol": "びゅ", "transcription": "byu", "language": 3}}, {"model": "alphabet.letter", "pk": 145, "fields": {"symbol": "びょ", "transcription": "byo", "language": 3}}, {"model": "alphabet.letter", "pk": 146, "fields": {"symbol": "ぱ", "transcription": "pa", "language": 3}}, {"model": "alphabet.letter", "pk": 147, "fields": {"symbol": "ぴ", "transcription": "pi", "language": 3}}, {"model": "alphabet.letter", "pk": 148, "fields": {"symbol": "ぷ", "transcription": "pu", "language": 3}}, {"model": "alphabet.letter", "pk": 149, "fields": {"symbol": "ぺ", "transcription": "pe", "language": 3}}, {"model": "alphabet.letter", "pk": 150, "fields": {"symbol": "ぽ", "transcription": "po", "language": 3}}, {"model": "alphabet.letter", "pk": 151, "fields": {"symbol": "ぴゃ", "transcription": "pya", "language": 3}}, {"model": "alphabet.letter", "pk": 152, "fields": {"symbol": "ぴゅ", "transcription": "pyu", "language": 3}}, {"model": "alphabet.letter", "pk": 153, "fields": {"symbol": "ぴょ", "transcription": "pyo", "language": 3}}, {"model": "alphabet.letter", "pk": 154, "fields": {"symbol": "キャ", "transcription": "kya", "language": 3}}, {"model": "alphabet.letter", "pk": 155, "fields": {"symbol": "キュ", "transcription": "kyu", "language": 3}}, {"model": "alphabet.letter", "pk": 156, "fields": {"symbol": "キョ", "transcription": "kyo", "language": 3}}, {"model": "alphabet.letter", "pk": 157, "fields": {"symbol": "シャ", "transcription": "sha", "language": 3}}, {"model": "alphabet.letter", "pk": 158, "fields": {"symbol": "シュ", "transcription": "shu", "language": 3}}, {"model": "alphabet.letter", "pk": 159, "fields": {"symbol": "ショ", "transcription": "sho", "language": 3}}, {"model": "alphabet.letter", "pk": 160, "fields": {"symbol": "チャ", "transcription": "cha", "language": 3}}, {"model": "alphabet.letter", "pk": 161, "fields": {"symbol": "チュ", "transcription": "chu", "language": 3}}, {"model": "alphabet.letter", "pk": 162, "fields": {"symbol": "チョ", "transcription": "cho", "language": 3}}, {"model": "alphabet.letter", "pk": 163, "fields": {"symbol": "ニャ", "transcription": "nya", "language": 3}}, {"model": "alphabet.letter", "pk": 164, "fields": {"symbol": "ニュ", "transcription": "nyu", "language": 3}}, {"model": "alphabet.letter", "pk": 165, "fields": {"symbol": "ニョ", "transcription": "nyo", "language": 3}}, {"model": "alphabet.letter", "pk": 166, "fields": {"symbol": "ヒャ", "transcription": "hya", "language": 3}}, {"model": "alphabet.letter", "pk": 167, "fields": {"symbol": "ヒュ", "transcription": "hyu", "language": 3}}, {"model": "alphabet.letter", "pk": 168, "fields": {"symbol": "ヒョ", "transcription": "hyo", "language": 3}}, {"model": "alphabet.letter", "pk": 169, "fields": {"symbol": "ミャ", "transcription": "mya", "language": 3}}, {"model": "alphabet.letter", "pk": 170, "fields": {"symbol": "ミュ", "transcription": "myu", "language": 3}}, {"model": "alphabet.letter", "pk": 171, "fields": {"symbol": "ミョ", "transcription": "myo", "language": 3}}, {"model": "alphabet.letter", "pk": 172, "fields": {"symbol": "リャ", "transcription": "rya", "language": 3}}, {"model": "alphabet.letter", "pk": 173, "fields": {"symbol": "リュ", "transcription": "ryu", "language": 3}}, {"model": "alphabet.letter", "pk": 174, "fields": {"symbol": "リョ", "transcription": "ryo", "language": 3}}, {"model": "alphabet.letter", "pk": 175, "fields": {"symbol": "ガ", "transcription": "ga", "language": 3}}, {"model": "alphabet.letter", "pk": 176, "fields": {"symbol": "ギ", "transcription": "gi", "language": 3}}, {"model": "alphabet.letter", "pk": 177, "fields": {"symbol": "グ", "transcription": "gu", "language": 3}}, {"model": "alphabet.letter", "pk": 178, "fields": {"symbol": "ゲ", "transcription": "ge", "language": 3}}, {"model": "alphabet.letter", "pk": 179, "fields": {"symbol": "ゴ", "transcription": "go", "language": 3}}, {"model": "alphabet.letter", "pk": 180, "fields": {"symbol": "ギャ", "transcription": "gya", "language": 3}}, {"model": "alphabet.letter", "pk": 181, "fields": {"symbol": "ギュ", "transcription": "gyu", "language": 3}}, {"model": "alphabet.letter", "pk": 182, "fields": {"symbol": "ギョ", "transcription": "gyo", "language": 3}}, {"model": "alphabet.letter", "pk": 183, "fields": {"symbol": "ザ", "transcription": "za", "language": 3}}, {"model": "alphabet.letter", "pk": 184, "fields": {"symbol": "ジ", "transcription": "ji", "language": 3}}, {"model": "alphabet.letter", "pk": 185, "fields": {"symbol": "ズ", "transcription": "zu", "language": 3}}, {"model": "alphabet.letter", "pk": 186, "fields": {"symbol": "ゼ", "transcription": "ze", "language": 3}}, {"model": "alphabet.letter", "pk": 187, "fields": {"symbol": "ゾ", "transcription": "zo", "language": 3}}, {"model": "alphabet.letter", "pk": 188, "fields": {"symbol": "ジャ", "transcription": "ja", "language": 3}}, {"model": "alphabet.letter", "pk": 189, "fields": {"symbol": "ジュ", "transcription": "ju", "language": 3}}, {"model": "alphabet.letter", "pk": 190, "fields": {"symbol": "ジョ", "transcription": "jo", "language": 3}}, {"model": "alphabet.letter", "pk": 191, "fields": {"symbol": "ダ", "transcription": "da", "language": 3}}, {"model": "alphabet.letter", "pk": 192, "fields": {"symbol": "ヂ", "transcription": "ji", "language": 3}}, {"model": "alphabet.letter", "pk": 193, "fields": {"symbol": "ヅ", "transcription": "zu", "language": 3}}, {"model": "alphabet.letter", "pk": 194, "fields": {"symbol": "デ", "transcription": "de", "language": 3}}, {"model": "alphabet.letter", "pk": 195, "fields": {"symbol": "ド", "transcription": "do", "language": 3}}, {"model": "alphabet.letter", "pk": 196, "fields": {"symbol": "ヂャ", "transcription": "ja", "language": 3}}, {"model": "alphabet.letter", "pk": 197, "fields": {"symbol": "ヂュ", "transcription": "ju", "language": 3}}, {"model": "alphabet.letter", "pk": 198, "fields": {"symbol": "ヂョ", "transcription": "jo", "language": 3}}, {"model": "alphabet.letter", "pk": 199, "fields": {"symbol": "バ", "transcription": "ba", "language": 3}}, {"model": "alphabet.letter", "pk": 200, "fields": {"symbol": "ビ", "transcription": "bi", "language": 3}}, {"model": "alphabet.letter", "pk": 201, "fields": {"symbol": "ブ", "transcription": "bu", "language": 3}}, {"model": "alphabet.letter", "pk": 202, "fields": {"symbol": "ベ", "transcription": "be", "language": 3}}, {"model": "alphabet.letter", "pk": 203, "fields": {"symbol": "ボ", "transcription": "bo", "language": 3}}, {"model": "alphabet.letter", "pk": 204, "fields": {"symbol": "ビャ", "transcription": "bya", "language": 3}}, {"model": "alphabet.letter", "pk": 205, "fields": {"symbol": "ビュ", "transcription": "byu", "language": 3}}, {"model": "alphabet.letter", "pk": 206, "fields": {"symbol": "ビョ", "transcription": "byo", "language": 3}}, {"model": "alphabet.letter", "pk": 207, "fields": {"symbol": "パ", "transcription": "pa", "language": 3}}, {"model": "alphabet.letter", "pk": 208, "fields": {"symbol": "ピ", "transcription": "pi", "language": 3}}, {"model": "alphabet.letter", "pk": 209, "fields": {"symbol": "プ", "transcription": "pu", "language": 3}}, {"model": "alphabet.letter", "pk": 210, "fields": {"symbol": "ペ", "transcription": "pe", "language": 3}}, {"model": "alphabet.letter", "pk": 211, "fields": {"symbol": "ポ", "transcription": "po", "language": 3}}, {"model": "alphabet.letter", "pk": 212, "fields": {"symbol": "ピャ", "transcription": "pya", "language": 3}}, {"model": "alphabet.letter", "pk": 213, "fields": {"symbol": "ピュ", "transcription": "pyu", "language": 3}}, {"model": "alphabet.letter", "pk": 214, "fields": {"symbol": "ピョ", "transcription": "pyo", "language": 3}}, {"model": "alphabet.letter", "pk": 215, "fields": {"symbol": "イェ", "transcription": "ye", "language": 3}}, {"model": "alphabet.letter", "pk": 216, "fields": {"symbol": "ヴァ", "transcription": "va", "language": 3}}, {"model": "alphabet.letter", "pk": 217, "fields": {"symbol": "ヴィ", "transcription": "vi", "language": 3}}, {"model": "alphabet.letter", "pk": 218, "fields": {"symbol": "ヴ", "transcription": "vu", "language": 3}}, {"model": "alphabet.letter", "pk": 219, "fields": {"symbol": "ヴェ", "transcription": "ve", "language": 3}}, {"model": "alphabet.letter", "pk": 220, "fields": {"symbol": "ヴォ", "transcription": "vo", "language": 3}}, {"model": "alphabet.letter", "pk": 221, "fields": {"symbol": "ヴャ", "transcription": "vya", "language": 3}}, {"model": "alphabet.letter", "pk": 222, "fields": {"symbol": "ヴュ", "transcription": "vyu", "language": 3}}, {"model": "alphabet.letter", "pk": 223, "fields": {"symbol": "ヴョ", "transcription": "vyo", "language": 3}}, {"model": "alphabet.letter", "pk": 224, "fields": {"symbol": "シェ", "transcription": "she", "language": 3}}, {"model": "alphabet.letter", "pk": 225, "fields": {"symbol": "ジェ", "transcription": "je", "language": 3}}, {"model": "alphabet.letter", "pk": 226, "fields": {"symbol": "チェ", "transcription": "che", "language": 3}}, {"model": "alphabet.letter", "pk": 227, "fields": {"symbol": "スィ", "transcription": "si", "language": 3}}, {"model": "alphabet.letter", "pk": 228, "fields": {"symbol": "ズィ", "transcription": "zi", "language": 3}}, {"model": "alphabet.letter", "pk": 229, "fields": {"symbol": "ティ", "transcription": "ti", "language": 3}}, {"model": "alphabet.letter", "pk": 230, "fields": {"symbol": "トゥ", "transcription": "tu", "language": 3}}, {"model": "alphabet.letter", "pk": 231, "fields": {"symbol": "テャ", "transcription": "tya", "language": 3}}, {"model": "alphabet.letter", "pk": 232, "fields": {"symbol": "テュ", "transcription": "tyu", "language": 3}}, {"model": "alphabet.letter", "pk": 233, "fields": {"symbol": "テョ", "transcription": "tyo", "language": 3}}, {"model": "alphabet.letter", "pk": 234, "fields": {"symbol": "ディ", "transcription": "di", "language": 3}}, {"model": "alphabet.letter", "pk": 235, "fields": {"symbol": "ドゥ", "transcription": "du", "language": 3}}, {"model": "alphabet.letter", "pk": 236, "fields": {"symbol": "デャ", "transcription": "dya", "language": 3}}, {"model": "alphabet.letter", "pk": 237, "fields": {"symbol": "デュ", "transcription": "dyu", "language": 3}}, {"model": "alphabet.letter", "pk": 238, "fields": {"symbol": "デョ", "transcription": "dyo", "language": 3}}, {"model": "alphabet.letter", "pk": 239, "fields": {"symbol": "ツァ", "transcription": "tsa", "language": 3}}, {"model": "alphabet.letter", "pk": 240, "fields": {"symbol": "ツィ", "transcription": "tsi", "language": 3}}, {"model": "alphabet.letter", "pk": 241, "fields": {"symbol": "ツェ", "transcription": "tse", "language": 3}}, {"model": "alphabet.letter", "pk": 242, "fields": {"symbol": "ツォ", "transcription": "tso", "language": 3}}, {"model": "alphabet.letter", "pk": 243, "fields": {"symbol": "ファ", "transcription": "fa", "language": 3}}, {"model": "alphabet.letter", "pk": 244, "fields": {"symbol": "フィ", "transcription": "fi", "language": 3}}, {"model": "alphabet.letter", "pk": 245, "fields": {"symbol": "ホゥ", "transcription": "hu", "language": 3}}, {"model": "alphabet.letter", "pk": 246, "fields": {"symbol": "フェ", "transcription": "fe", "language": 3}}, {"model": "alphabet.letter", "pk": 247, "fields": {"symbol": "フォ", "transcription": "fo", "language": 3}}, {"model": "alphabet.letter", "pk": 248, "fields": {"symbol": "フャ", "transcription": "fya", "language": 3}}, {"model": "alphabet.letter", "pk": 249, "fields": {"symbol": "フュ", "transcription": "fyu", "language": 3}}, {"model": "alphabet.letter", "pk": 250, "fields": {"symbol": "フョ", "transcription": "fyo", "language": 3}}, {"model": "alphabet.letter", "pk": 251, "fields": {"symbol": "リェ", "transcription": "rye", "language": 3}}, {"model": "alphabet.letter", "pk": 252, "fields": {"symbol": "ウァ", "transcription": "wa", "language": 3}}, {"model": "alphabet.letter", "pk": 253, "fields": {"symbol": "ウィ", "transcription": "wi", "language": 3}}, {"model": "alphabet.letter", "pk": 254, "fields": {"symbol": "ウェ", "transcription": "we", "language": 3}}, {"model": "alphabet.letter", "pk": 255, "fields": {"symbol": "ウォ", "transcription": "wo", "language": 3}}, {"model": "alphabet.letter", "pk": 256, "fields": {"symbol": "ウャ", "transcription": "wya", "language": 3}}, {"model": "alphabet.letter", "pk": 257, "fields": {"symbol": "ウュ", "transcription": "wyu", "language": 3}}, {"model": "alphabet.letter", "pk": 258, "fields": {"symbol": "ウョ", "transcription": "wyo", "language": 3}}, {"model": "alphabet.letter", "pk": 259, "fields": {"symbol": "クァ", "transcription": "qa", "language": 3}}, {"model": "alphabet.letter", "pk": 260, "fields": {"symbol": "クィ", "transcription": "qi", "language": 3}}, {"model": "alphabet.letter", "pk": 261, "fields": {"symbol": "クゥ", "transcription": "qu", "language": 3}}, {"model": "alphabet.letter", "pk": 262, "fields": {"symbol": "クェ", "transcription": "qe", "language": 3}}, {"model": "alphabet.letter", "pk": 263, "fields": {"symbol": "クォ", "transcription": "qo", "language": 3}}, {"model": "alphabet.letter", "pk": 264, "fields": {"symbol": "グァ", "transcription": "gwa", "language": 3}}, {"model": "alphabet.letter", "pk": 265, "fields": {"symbol": "グィ", "transcription": "gwi", "language": 3}}, {"model": "alphabet.letter", "pk": 266, "fields": {"symbol": "グゥ", "transcription": "gwu", "language": 3}}, {"model": "alphabet.letter", "pk": 267, "fields": {"symbol": "グェ", "transcription": "gwe", "language": 3}}, {"model": "alphabet.letter", "pk": 268, "fields": {"symbol": "グォ", "transcription": "gwo", "language": 3}}, {"model": "alphabet.alphabet", "pk": 1, "fields": {"name": "平仮名", "one_dimension": false, "language": 3}}, {"model": "alphabet.alphabet", "pk": 2, "fields": {"name": "片仮名", "one_dimension": false, "language": 3}}, {"model": "alphabet.alphabetentry", "pk": 1, "fields": {"alphabet": 1, "letter": 1, "lang_index_column": 0, "lang_index_row": 0, "is_yoon": false, "is_dakuten": false, "is_supplementary": false}}, {"model": "alphabet.alphabetentry", "pk": 2, "fields": {"alphabet": 1, "letter": 2, "lang_index_column": 1, "lang_index_row": 0, "is_yoon": false, "is_dakuten": false, "is_supplementary": false}}, {"model": "alphabet.alphabetentry", "pk": 3, "fields": {"alphabet": 1, "letter": 3, "lang_index_column": 2, "lang_index_row": 0, "is_yoon": false, "is_dakuten": false, "is_supplementary": false}}, {"model": "alphabet.alphabetentry", "pk": 4, "fields": {"alphabet": 1, "letter": 4, "lang_index_column": 3, "lang_index_row": 0, "is_yoon": false, "is_dakuten": false, "is_supplementary": false}}, {"model": "alphabet.alphabetentry", "pk": 5, "fields": {"alphabet": 1, "letter": 5, "lang_index_column": 4, "lang_index_row": 0, "is_yoon": false, "is_dakuten": false, "is_supplementary": false}}, {"model": "alphabet.alphabetentry", "pk": 6, "fields": {"alphabet": 1, "letter": 6, "lang_index_column": 0, "lang_index_row": 1, "is_yoon": false, "is_dakuten": false, "is_supplementary": false}}, {"model": "alphabet.alphabetentry", "pk": 7, "fields": {"alphabet": 1, "letter": 7, "lang_index_column": 1, "lang_index_row": 1, "is_yoon": false, "is_dakuten": false, "is_supplementary": false}}, {"model": "alphabet.alphabetentry", "pk": 8, "fields": {"alphabet": 1, "letter": 8, "lang_index_column": 2, "lang_index_row": 1, "is_yoon": false, "is_dakuten": false, "is_supplementary": false}}, {"model": "alphabet.alphabetentry", "pk": 9, "fields": {"alphabet": 1, "letter": 9, "lang_index_column": 3, "lang_index_row": 1, "is_yoon": false, "is_dakuten": false, "is_supplementary": false}}, {"model": "alphabet.alphabetentry", "pk": 10, "fields": {"alphabet": 1, "letter": 10, "lang_index_column": 4, "lang_index_row": 1, "is_yoon": false, "is_dakuten": false, "is_supplementary": false}}, {"model": "alphabet.alphabetentry", "pk": 11, "fields": {"alphabet": 1, "letter": 11, "lang_index_column": 0, "lang_index_row": 3, "is_yoon": false, "is_dakuten": false, "is_supplementary": false}}, {"model": "alphabet.alphabetentry", "pk": 12, "fields": {"alphabet": 1, "letter": 12, "lang_index_column": 1, "lang_index_row": 3, "is_yoon": false, "is_dakuten": false, "is_supplementary": false}}, {"model": "alphabet.alphabetentry", "pk": 13, "fields": {"alphabet": 1, "letter": 13, "lang_index_column": 2, "lang_index_row": 3, "is_yoon": false, "is_dakuten": false, "is_supplementary": false}}, {"model": "alphabet.alphabetentry", "pk": 14, "fields": {"alphabet": 1, "letter": 14, "lang_index_column": 3, "lang_index_row": 3, "is_yoon": false, "is_dakuten": false, "is_supplementary": false}}, {"model": "alphabet.alphabetentry", "pk": 15, "fields": {"alphabet": 1, "letter": 15, "lang_index_column": 4, "lang_index_row": 3, "is_yoon": false, "is_dakuten": false, "is_supplementary": false}}, {"model": "alphabet.alphabetentry", "pk": 16, "fields": {"alphabet": 1, "letter": 16, "lang_index_column": 0, "lang_index_row": 5, "is_yoon": false, "is_dakuten": false, "is_supplementary": false}}, {"model": "alphabet.alphabetentry", "pk": 17, "fields": {"alphabet": 1, "letter": 17, "lang_index_column": 1, "lang_index_row": 5, "is_yoon": false, "is_dakuten": false, "is_supplementary": false}}, {"model": "alphabet.alphabetentry", "pk": 18, "fields": {"alphabet": 1, "letter": 18, "lang_index_column": 2, "lang_index_row": 5, "is_yoon": false, "is_dakuten": false, "is_supplementary": false}}, {"model": "alphabet.alphabetentry", "pk": 19, "fields": {"alphabet": 1, "letter": 19, "lang_index_column": 3, "lang_index_row": 5, "is_yoon": false, "is_dakuten": false, "is_supplementary": false}}, {"model": "alphabet.alphabetentry", "pk": 20, "fields": {"alphabet": 1, "letter": 20, "lang_index_column": 4, "lang_index_row": 5, "is_yoon": false, "is_dakuten": false, "is_supplementary": false}}, {"model": "alphabet.alphabetentry", "pk": 21, "fields": {"alphabet": 1, "letter": 21, "lang_index_column": 0, "lang_index_row": 7, "is_yoon": false, "is_dakuten": false, "is_supplementary": false}}, {"model": "alphabet.alphabetentry", "pk": 22, "fields": {"alphabet": 1, "letter": 22, "lang_index_column": 1, "lang_index_row": 7, "is_yoon": false, "is_dakuten": false, "is_supplementary": false}}, {"model": "alphabet.alphabetentry", "pk": 23, "fields": {"alphabet": 1, "letter": 23, "lang_index_column": 2, "lang_index_row": 7, "is_yoon": false, "is_dakuten": false, "is_supplementary": false}}, {"model": "alphabet.alphabetentry", "pk": 24, "fields": {"alphabet": 1, "letter": 24, "lang_index_column": 3, "lang_index_row": 7, "is_yoon": false, "is_dakuten": false, "is_supplementary": false}}, {"model": "alphabet.alphabetentry", "pk": 25, "fields": {"alphabet": 1, "letter": 25, "lang_index_column": 4, "lang_index_row": 7, "is_yoon": false, "is_dakuten": false, "is_supplementary": false}}, {"model": "alphabet.alphabetentry", "pk": 26, "fields": {"alphabet": 1, "letter": 26, "lang_index_column": 0, "lang_index_row": 8, "is_yoon": false, "is_dakuten": false, "is_supplementary": false}}, {"model": "alphabet.alphabetentry", "pk": 27, "fields": {"alphabet": 1, "letter": 27, "lang_index_column": 1, "lang_index_row": 8, "is_yoon": false, "is_dakuten": false, "is_supplementary": false}}, {"model": "alphabet.alphabetentry", "pk": 28, "fields": {"alphabet": 1, "letter": 28, "lang_index_column": 2, "lang_index_row": 8, "is_yoon": false, "is_dakuten": false, "is_supplementary": false}}, {"model": "alphabet.alphabetentry", "pk": 29, "fields": {"alphabet": 1, "letter": 29, "lang_index_column": 3, "lang_index_row": 8, "is_yoon": false, "is_dakuten": false, "is_supplementary": false}}, {"model": "alphabet.alphabetentry", "pk": 30, "fields": {"alphabet": 1, "letter": 30, "lang_index_column": 4, "lang_index_row": 8, "is_yoon": false, "is_dakuten": false, "is_supplementary": false}}, {"model": "alphabet.alphabetentry", "pk": 31, "fields": {"alphabet": 1, "letter": 31, "lang_index_column": 0, "lang_index_row": 11, "is_yoon": false, "is_dakuten": false, "is_supplementary": false}}, {"model": "alphabet.alphabetentry", "pk": 32, "fields": {"alphabet": 1, "letter": 32, "lang_index_column": 1, "lang_index_row": 11, "is_yoon": false, "is_dakuten": false, "is_supplementary": false}}, {"model": "alphabet.alphabetentry", "pk": 33, "fields": {"alphabet": 1, "letter": 33, "lang_index_column": 2, "lang_index_row": 11, "is_yoon": false, "is_dakuten": false, "is_supplementary": false}}, {"model": "alphabet.alphabetentry", "pk": 34, "fields": {"alphabet": 1, "letter": 34, "lang_index_column": 3, "lang_index_row": 11, "is_yoon": false, "is_dakuten": false, "is_supplementary": false}}, {"model": "alphabet.alphabetentry", "pk": 35, "fields": {"alphabet": 1, "letter": 35, "lang_index_column": 4, "lang_index_row": 11, "is_yoon": false, "is_dakuten": false, "is_supplementary": false}}, {"model": "alphabet.alphabetentry", "pk": 36, "fields": {"alphabet": 1, "letter": 36, "lang_index_column": 0, "lang_index_row": 12, "is_yoon": false, "is_dakuten": false, "is_supplementary": false}}, {"model": "alphabet.alphabetentry", "pk": 37, "fields": {"alphabet": 1, "letter": 37, "lang_index_column": 2, "lang_index_row": 12, "is_yoon": false, "is_dakuten": false, "is_supplementary": false}}, {"model": "alphabet.alphabetentry", "pk": 38, "fields": {"alphabet": 1, "letter": 38, "lang_index_column": 4, "lang_index_row": 12, "is_yoon": false, "is_dakuten": false, "is_supplementary": false}}, {"model": "alphabet.alphabetentry", "pk": 39, "fields": {"alphabet": 1, "letter": 39, "lang_index_column": 0, "lang_index_row": 13, "is_yoon": false, "is_dakuten": false, "is_supplementary": false}}, {"model": "alphabet.alphabetentry", "pk": 40, "fields": {"alphabet": 1, "letter": 40, "lang_index_column": 1, "lang_index_row": 13, "is_yoon": false, "is_dakuten": false, "is_supplementary": false}}, {"model": "alphabet.alphabetentry", "pk": 41, "fields": {"alphabet": 1, "letter": 41, "lang_index_column": 2, "lang_index_row": 13, "is_yoon": false, "is_dakuten": false, "is_supplementary": false}}, {"model": "alphabet.alphabetentry", "pk": 42, "fields": {"alphabet": 1, "letter": 42, "lang_index_column": 3, "lang_index_row": 13, "is_yoon": false, "is_dakuten": false, "is_supplementary": false}}, {"model": "alphabet.alphabetentry", "pk": 43, "fields": {"alphabet": 1, "letter": 43, "lang_index_column": 4, "lang_index_row": 13, "is_yoon": false, "is_dakuten": false, "is_supplementary": false}}, {"model": "alphabet.alphabetentry", "pk": 44, "fields": {"alphabet": 1, "letter": 44, "lang_index_column": 0, "lang_index_row": 14, "is_yoon": false, "is_dakuten": false, "is_supplementary": false}}, {"model": "alphabet.alphabetentry", "pk": 45, "fields": {"alphabet": 1, "letter": 45, "lang_index_column": 4, "lang_index_row": 14, "is_yoon": false, "is_dakuten": false, "is_supplementary": false}}, {"model": "alphabet.alphabetentry", "pk": 46, "fields": {"alphabet": 1, "letter": 46, "lang_index_column": 0, "lang_index_row": 15, "is_yoon": false, "is_dakuten": false, "is_supplementary": false}}, {"model": "alphabet.alphabetentry", "pk": 47, "fields": {"alphabet": 2, "letter": 47, "lang_index_column": 0, "lang_index_row": 0, "is_yoon": false, "is_dakuten": false, "is_supplementary": false}}, {"model": "alphabet.alphabetentry", "pk": 48, "fields": {"alphabet": 2, "letter": 48, "lang_index_column": 1, "lang_index_row": 0, "is_yoon": false, "is_dakuten": false, "is_supplementary": false}}, {"model": "alphabet.alphabetentry", "pk": 49, "fields": {"alphabet": 2, "letter": 49, "lang_index_column": 2, "lang_index_row": 0, "is_yoon": false, "is_dakuten": false, "is_supplementary": false}}, {"model": "alphabet.alphabetentry", "pk": 50, "fields": {"alphabet": 2, "letter": 50, "lang_index_column": 3, "lang_index_row": 0, "is_yoon": false, "is_dakuten": false, "is_supplementary": false}}, {"model": "alphabet.alphabetentry", "pk": 51, "fields": {"alphabet": 2, "letter": 51, "lang_index_column": 4, "lang_index_row": 0, "is_yoon": false, "is_dakuten": false, "is_supplementary": false}}, {"model": "alphabet.alphabetentry", "pk": 52, "fields": {"alphabet": 2, "letter": 52, "lang_index_column": 0, "lang_index_row": 1, "is_yoon": false, "is_dakuten": false, "is_supplementary": false}}, {"model": "alphabet.alphabetentry", "pk": 53, "fields": {"alphabet": 2, "letter": 53, "lang_index_column": 1, "lang_index_row": 1, "is_yoon": false, "is_dakuten": false, "is_supplementary": false}}, {"model": "alphabet.alphabetentry", "pk": 54, "fields": {"alphabet": 2, "letter": 54, "lang_index_column": 2, "lang_index_row": 1, "is_yoon": false, "is_dakuten": false, "is_supplementary": false}}, {"model": "alphabet.alphabetentry", "pk": 55, "fields": {"alphabet": 2, "letter": 55, "lang_index_column": 3, "lang_index_row": 1, "is_yoon": false, "is_dakuten": false, "is_supplementary": false}}, {"model": "alphabet.alphabetentry", "pk": 56, "fields": {"alphabet": 2, "letter": 56, "lang_index_column": 4, "lang_index_row": 1, "is_yoon": false, "is_dakuten": false, "is_supplementary": false}}, {"model": "alphabet.alphabetentry", "pk": 57, "fields": {"alphabet": 2, "letter": 57, "lang_index_column": 0, "lang_index_row": 5, "is_yoon": false, "is_dakuten": false, "is_supplementary": false}}, {"model": "alphabet.alphabetentry", "pk": 58, "fields": {"alphabet": 2, "letter": 58, "lang_index_column": 1, "lang_index_row": 5, "is_yoon": false, "is_dakuten": false, "is_supplementary": false}}, {"model": "alphabet.alphabetentry", "pk": 59, "fields": {"alphabet": 2, "letter": 59, "lang_index_column": 2, "lang_index_row": 5, "is_yoon": false, "is_dakuten": false, "is_supplementary": false}}, {"model": "alphabet.alphabetentry", "pk": 60, "fields": {"alphabet": 2, "letter": 60, "lang_index_column": 3, "lang_index_row": 5, "is_yoon": false, "is_dakuten": false, "is_supplementary": false}}, {"model": "alphabet.alphabetentry", "pk": 61, "fields": {"alphabet": 2, "letter": 61, "lang_index_column": 4, "lang_index_row": 5, "is_yoon": false, "is_dakuten": false, "is_supplementary": false}}, {"model": "alphabet.alphabetentry", "pk": 62, "fields": {"alphabet": 2, "letter": 62, "lang_index_column": 0, "lang_index_row": 9, "is_yoon": false, "is_dakuten": false, "is_supplementary": false}}, {"model": "alphabet.alphabetentry", "pk": 63, "fields": {"alphabet": 2, "letter": 63, "lang_index_column": 1, "lang_index_row": 9, "is_yoon": false, "is_dakuten": false, "is_supplementary": false}}, {"model": "alphabet.alphabetentry", "pk": 64, "fields": {"alphabet": 2, "letter": 64, "lang_index_column": 2, "lang_index_row": 9, "is_yoon": false, "is_dakuten": false, "is_supplementary": false}}, {"model": "alphabet.alphabetentry", "pk": 65, "fields": {"alphabet": 2, "letter": 65, "lang_index_column": 3, "lang_index_row": 9, "is_yoon": false, "is_dakuten": false, "is_supplementary": false}}, {"model": "alphabet.alphabetentry", "pk": 66, "fields": {"alphabet": 2, "letter": 66, "lang_index_column": 4, "lang_index_row": 9, "is_yoon": false, "is_dakuten": false, "is_supplementary": false}}, {"model": "alphabet.alphabetentry", "pk": 67, "fields": {"alphabet": 2, "letter": 67, "lang_index_column": 0, "lang_index_row": 14, "is_yoon": false, "is_dakuten": false, "is_supplementary": false}}, {"model": "alphabet.alphabetentry", "pk": 68, "fields": {"alphabet": 2, "letter": 68, "lang_index_column": 1, "lang_index_row": 14, "is_yoon": false, "is_dakuten": false, "is_supplementary": false}}, {"model": "alphabet.alphabetentry", "pk": 69, "fields": {"alphabet": 2, "letter": 69, "lang_index_column": 2, "lang_index_row": 14, "is_yoon": false, "is_dakuten": false, "is_supplementary": false}}, {"model": "alphabet.alphabetentry", "pk": 70, "fields": {"alphabet": 2, "letter": 70, "lang_index_column": 3, "lang_index_row": 14, "is_yoon": false, "is_dakuten": false, "is_supplementary": false}}, {"model": "alphabet.alphabetentry", "pk": 71, "fields": {"alphabet": 2, "letter": 71, "lang_index_column": 4, "lang_index_row": 14, "is_yoon": false, "is_dakuten": false, "is_supplementary": false}}, {"model": "alphabet.alphabetentry", "pk": 72, "fields": {"alphabet": 2, "letter": 72, "lang_index_column": 0, "lang_index_row": 15, "is_yoon": false, "is_dakuten": false, "is_supplementary": false}}, {"model": "alphabet.alphabetentry", "pk": 73, "fields": {"alphabet": 2, "letter": 73, "lang_index_column": 1, "lang_index_row": 15, "is_yoon": false, "is_dakuten": false, "is_supplementary": false}}, {"model": "alphabet.alphabetentry", "pk": 74, "fields": {"alphabet": 2, "letter": 74, "lang_index_column": 2, "lang_index_row": 15, "is_yoon": false, "is_dakuten": false, "is_supplementary": false}}, {"model": "alphabet.alphabetentry", "pk": 75, "fields": {"alphabet": 2, "letter": 75, "lang_index_column": 3, "lang_index_row": 15, "is_yoon": false, "is_dakuten": false, "is_supplementary": false}}, {"model": "alphabet.alphabetentry", "pk": 76, "fields": {"alphabet": 2, "letter": 76, "lang_index_column": 4, "lang_index_row": 15, "is_yoon": false, "is_dakuten": false, "is_supplementary": false}}, {"model": "alphabet.alphabetentry", "pk": 77, "fields": {"alphabet": 2, "letter": 77, "lang_index_column": 0, "lang_index_row": 19, "is_yoon": false, "is_dakuten": false, "is_supplementary": false}}, {"model": "alphabet.alphabetentry", "pk": 78, "fields": {"alphabet": 2, "letter": 78, "lang_index_column": 1, "lang_index_row": 19, "is_yoon": false, "is_dakuten": false, "is_supplementary": false}}, {"model": "alphabet.alphabetentry", "pk": 79, "fields": {"alphabet": 2, "letter": 79, "lang_index_column": 2, "lang_index_row": 19, "is_yoon": false, "is_dakuten": false, "is_supplementary": false}}, {"model": "alphabet.alphabetentry", "pk": 80, "fields": {"alphabet": 2, "letter": 80, "lang_index_column": 3, "lang_index_row": 19, "is_yoon": false, "is_dakuten": false, "is_supplementary": false}}, {"model": "alphabet.alphabetentry", "pk": 81, "fields": {"alphabet": 2, "letter": 81, "lang_index_column": 4, "lang_index_row": 19, "is_yoon": false, "is_dakuten": false, "is_supplementary": false}}, {"model": "alphabet.alphabetentry", "pk": 82, "fields": {"alphabet": 2, "letter": 82, "lang_index_column": 0, "lang_index_row": 20, "is_yoon": false, "is_dakuten": false, "is_supplementary": false}}, {"model": "alphabet.alphabetentry", "pk": 83, "fields": {"alphabet": 2, "letter": 83, "lang_index_column": 2, "lang_index_row": 20, "is_yoon": false, "is_dakuten": false, "is_supplementary": false}}, {"model": "alphabet.alphabetentry", "pk": 84, "fields": {"alphabet": 2, "letter": 84, "lang_index_column": 4, "lang_index_row": 20, "is_yoon": false, "is_dakuten": false, "is_supplementary": false}}, {"model": "alphabet.alphabetentry", "pk": 85, "fields": {"alphabet": 2, "letter": 85, "lang_index_column": 0, "lang_index_row": 21, "is_yoon": false, "is_dakuten": false, "is_supplementary": false}}, {"model": "alphabet.alphabetentry", "pk": 86, "fields": {"alphabet": 2, "letter": 86, "lang_index_column": 1, "lang_index_row": 21, "is_yoon": false, "is_dakuten": false, "is_supplementary": false}}, {"model": "alphabet.alphabetentry", "pk": 87, "fields": {"alphabet": 2, "letter": 87, "lang_index_column": 2, "lang_index_row": 21, "is_yoon": false, "is_dakuten": false, "is_supplementary": false}}, {"model": "alphabet.alphabetentry", "pk": 88, "fields": {"alphabet": 2, "letter": 88, "lang_index_column": 3, "lang_index_row": 21, "is_yoon": false, "is_dakuten": false, "is_supplementary": false}}, {"model": "alphabet.alphabetentry", "pk": 89, "fields": {"alphabet": 2, "letter": 89, "lang_index_column": 4, "lang_index_row": 21, "is_yoon": false, "is_dakuten": false, "is_supplementary": false}}, {"model": "alphabet.alphabetentry", "pk": 90, "fields": {"alphabet": 2, "letter": 90, "lang_index_column": 0, "lang_index_row": 22, "is_yoon": false, "is_dakuten": false, "is_supplementary": false}}, {"model": "alphabet.alphabetentry", "pk": 91, "fields": {"alphabet": 2, "letter": 91, "lang_index_column": 4, "lang_index_row": 22, "is_yoon": false, "is_dakuten": false, "is_supplementary": false}}, {"model": "alphabet.alphabetentry", "pk": 92, "fields": {"alphabet": 2, "letter": 92, "lang_index_column": 0, "lang_index_row": 25, "is_yoon": false, "is_dakuten": false, "is_supplementary": false}}, {"model": "alphabet.alphabetentry", "pk": 93, "fields": {"alphabet": 1, "letter": 93, "lang_index_column": 5, "lang_index_row": 1, "is_yoon": true, "is_dakuten": false, "is_supplementary": false}}, {"model": "alphabet.alphabetentry", "pk": 94, "fields": {"alphabet": 1, "letter": 94, "lang_index_column": 6, "lang_index_row": 1, "is_yoon": true, "is_dakuten": false, "is_supplementary": false}}, {"model": "alphabet.alphabetentry", "pk": 95, "fields": {"alphabet": 1, "letter": 95, "lang_index_column": 7, "lang_index_row": 1, "is_yoon": true, "is_dakuten": false, "is_supplementary": false}}, {"model": "alphabet.alphabetentry", "pk": 96, "fields": {"alphabet": 1, "letter": 96, "lang_index_column": 5, "lang_index_row": 3, "is_yoon": true, "is_dakuten": false, "is_supplementary": false}}, {"model": "alphabet.alphabetentry", "pk": 97, "fields": {"alphabet": 1, "letter": 97, "lang_index_column": 6, "lang_index_row": 3, "is_yoon": true, "is_dakuten": false, "is_supplementary": false}}, {"model": "alphabet.alphabetentry", "pk": 98, "fields": {"alphabet": 1, "letter": 98, "lang_index_column": 7, "lang_index_row": 3, "is_yoon": true, "is_dakuten": false, "is_supplementary": false}}, {"model": "alphabet.alphabetentry", "pk": 99, "fields": {"alphabet": 1, "letter": 99, "lang_index_column": 5, "lang_index_row": 5, "is_yoon": true, "is_dakuten": false, "is_supplementary": false}}, {"model": "alphabet.alphabetentry", "pk": 100, "fields": {"alphabet": 1, "letter": 100, "lang_index_column": 6, "lang_index_row": 5, "is_yoon": true, "is_dakuten": false, "is_supplementary": false}}, {"model": "alphabet.alphabetentry", "pk": 101, "fields": {"alphabet": 1, "letter": 101, "lang_index_column": 7, "lang_index_row": 5, "is_yoon": true, "is_dakuten": false, "is_supplementary": false}}, {"model": "alphabet.alphabetentry", "pk": 102, "fields": {"alphabet": 1, "letter": 102, "lang_index_column": 5, "lang_index_row": 7, "is_yoon": true, "is_dakuten": false, "is_supplementary": false}}, {"model": "alphabet.alphabetentry", "pk": 103, "fields": {"alphabet": 1, "letter": 103, "lang_index_column": 6, "lang_index_row": 7, "is_yoon": true, "is_dakuten": false, "is_supplementary": false}}, {"model": "alphabet.alphabetentry", "pk": 104, "fields": {"alphabet": 1, "letter": 104, "lang_index_column": 7, "lang_index_row": 7, "is_yoon": true, "is_dakuten": false, "is_supplementary": false}}, {"model": "alphabet.alphabetentry", "pk": 105, "fields": {"alphabet": 1, "letter": 105, "lang_index_column": 5, "lang_index_row": 8, "is_yoon": true, "is_dakuten": false, "is_supplementary": false}}, {"model": "alphabet.alphabetentry", "pk": 106, "fields": {"alphabet": 1, "letter": 106, "lang_index_column": 6, "lang_index_row": 8, "is_yoon": true, "is_dakuten": false, "is_supplementary": false}}, {"model": "alphabet.alphabetentry", "pk": 107, "fields": {"alphabet": 1, "letter": 107, "lang_index_column": 7, "lang_index_row": 8, "is_yoon": true, "is_dakuten": false, "is_supplementary": false}}, {"model": "alphabet.alphabetentry", "pk": 108, "fields": {"alphabet": 1, "letter": 108, "lang_index_column": 5, "lang_index_row": 11, "is_yoon": true, "is_dakuten": false, "is_supplementary": false}}, {"model": "alphabet.alphabetentry", "pk": 109, "fields": {"alphabet": 1, "letter": 109, "lang_index_column": 6, "lang_index_row": 11, "is_yoon": true, "is_dakuten": false, "is_supplementary": false}}, {"model": "alphabet.alphabetentry", "pk": 110, "fields": {"alphabet": 1, "letter": 110, "lang_index_column": 7, "lang_index_row": 11, "is_yoon": true, "is_dakuten": false, "is_supplementary": false}}, {"model": "alphabet.alphabetentry", "pk": 111, "fields": {"alphabet": 1, "letter": 111, "lang_index_column": 5, "lang_index_row": 13, "is_yoon": true, "is_dakuten": false, "is_supplementary": false}}, {"model": "alphabet.alphabetentry", "pk": 112, "fields": {"alphabet": 1, "letter": 112, "lang_index_column": 6, "lang_index_row": 13, "is_yoon": true, "is_dakuten": false, "is_supplementary": false}}, {"model": "alphabet.alphabetentry", "pk": 113, "fields": {"alphabet": 1, "letter": 113, "lang_index_column": 7, "lang_index_row": 13, "is_yoon": true, "is_dakuten": false, "is_supplementary": false}}, {"model": "alphabet.alphabetentry", "pk": 114, "fields": {"alphabet": 1, "letter": 114, "lang_index_column": 0, "lang_index_row": 2, "is_yoon": false, "is_dakuten": true, "is_supplementary": false}}, {"model": "alphabet.alphabetentry", "pk": 115, "fields": {"alphabet": 1, "letter": 115, "lang_index_column": 1, "lang_index_row": 2, "is_yoon": false, "is_dakuten": true, "is_supplementary": false}}, {"model": "alphabet.alphabetentry", "pk": 116, "fields": {"alphabet": 1, "letter": 116, "lang_index_column": 2, "lang_index_row": 2, "is_yoon": false, "is_dakuten": true, "is_supplementary": false}}, {"model": "alphabet.alphabetentry", "pk": 117, "fields": {"alphabet": 1, "letter": 117, "lang_index_column": 3, "lang_index_row": 2, "is_yoon": false, "is_dakuten": true, "is_supplementary": false}}, {"model": "alphabet.alphabetentry", "pk": 118, "fields": {"alphabet": 1, "letter": 118, "lang_index_column": 4, "lang_index_row": 2, "is_yoon": false, "is_dakuten": true, "is_supplementary": false}}, {"model": "alphabet.alphabetentry", "pk": 119, "fields": {"alphabet": 1, "letter": 119, "lang_index_column": 5, "lang_index_row": 2, "is_yoon": true, "is_dakuten": true, "is_supplementary": false}}, {"model": "alphabet.alphabetentry", "pk": 120, "fields": {"alphabet": 1, "letter": 120, "lang_index_column": 6, "lang_index_row": 2, "is_yoon": true, "is_dakuten": true, "is_supplementary": false}}, {"model": "alphabet.alphabetentry", "pk": 121, "fields": {"alphabet": 1, "letter": 121, "lang_index_column": 7, "lang_index_row": 2, "is_yoon": true, "is_dakuten": true, "is_supplementary": false}}, {"model": "alphabet.alphabetentry", "pk": 122, "fields": {"alphabet": 1, "letter": 122, "lang_index_column": 0, "lang_index_row": 4, "is_yoon": false, "is_dakuten": true, "is_supplementary": false}}, {"model": "alphabet.alphabetentry", "pk": 123, "fields": {"alphabet": 1, "letter": 123, "lang_index_column": 1, "lang_index_row": 4, "is_yoon": false, "is_dakuten": true, "is_supplementary": false}}, {"model": "alphabet.alphabetentry", "pk": 124, "fields": {"alphabet": 1, "letter": 124, "lang_index_column": 2, "lang_index_row": 4, "is_yoon": false, "is_dakuten": true, "is_supplementary": false}}, {"model": "alphabet.alphabetentry", "pk": 125, "fields": {"alphabet": 1, "letter": 125, "lang_index_column": 3, "lang_index_row": 4, "is_yoon": false, "is_dakuten": true, "is_supplementary": false}}, {"model": "alphabet.alphabetentry", "pk": 126, "fields": {"alphabet": 1, "letter": 126, "lang_index_column": 4, "lang_index_row": 4, "is_yoon": false, "is_dakuten": true, "is_supplementary": false}}, {"model": "alphabet.alphabetentry", "pk": 127, "fields": {"alphabet": 1, "letter": 127, "lang_index_column": 5, "lang_index_row": 4, "is_yoon": true, "is_dakuten": true, "is_supplementary": false}}, {"model": "alphabet.alphabetentry", "pk": 128, "fields": {"alphabet": 1, "letter": 128, "lang_index_column": 6, "lang_index_row": 4, "is_yoon": true, "is_dakuten": true, "is_supplementary": false}}, {"model": "alphabet.alphabetentry", "pk": 129, "fields": {"alphabet": 1, "letter": 129, "lang_index_column": 7, "lang_index_row": 4, "is_yoon": true, "is_dakuten": true, "is_supplementary": false}}, {"model": "alphabet.alphabetentry", "pk": 130, "fields": {"alphabet": 1, "letter": 130, "lang_index_column": 0, "lang_index_row": 6, "is_yoon": false, "is_dakuten": true, "is_supplementary": false}}, {"model": "alphabet.alphabetentry", "pk": 131, "fields": {"alphabet": 1, "letter": 131, "lang_index_column": 1, "lang_index_row": 6, "is_yoon": false, "is_dakuten": true, "is_supplementary": false}}, {"model": "alphabet.alphabetentry", "pk": 132, "fields": {"alphabet": 1, "letter": 132, "lang_index_column": 2, "lang_index_row": 6, "is_yoon": false, "is_dakuten": true, "is_supplementary": false}}, {"model": "alphabet.alphabetentry", "pk": 133, "fields": {"alphabet": 1, "letter": 133, "lang_index_column": 3, "lang_index_row": 6, "is_yoon": false, "is_dakuten": true, "is_supplementary": false}}, {"model": "alphabet.alphabetentry", "pk": 134, "fields": {"alphabet": 1, "letter": 134, "lang_index_column": 4, "lang_index_row": 6, "is_yoon": false, "is_dakuten": true, "is_supplementary": false}}, {"model": "alphabet.alphabetentry", "pk": 135, "fields": {"alphabet": 1, "letter": 135, "lang_index_column": 5, "lang_index_row": 6, "is_yoon": true, "is_dakuten": true, "is_supplementary": false}}, {"model": "alphabet.alphabetentry", "pk": 136, "fields": {"alphabet": 1, "letter": 136, "lang_index_column": 6, "lang_index_row": 6, "is_yoon": true, "is_dakuten": true, "is_supplementary": false}}, {"model": "alphabet.alphabetentry", "pk": 137, "fields": {"alphabet": 1, "letter": 137, "lang_index_column": 7, "lang_index_row": 6, "is_yoon": true, "is_dakuten": true, "is_supplementary": false}}, {"model": "alphabet.alphabetentry", "pk": 138, "fields": {"alphabet": 1, "letter": 138, "lang_index_column": 0, "lang_index_row": 9, "is_yoon": false, "is_dakuten": true, "is_supplementary": false}}, {"model": "alphabet.alphabetentry", "pk": 139, "fields": {"alphabet": 1, "letter": 139, "lang_index_column": 1, "lang_index_row": 9, "is_yoon": false, "is_dakuten": true, "is_supplementary": false}}, {"model": "alphabet.alphabetentry", "pk": 140, "fields": {"alphabet": 1, "letter": 140, "lang_index_column": 2, "lang_index_row": 9, "is_yoon": false, "is_dakuten": true, "is_supplementary": false}}, {"model": "alphabet.alphabetentry", "pk": 141, "fields": {"alphabet": 1, "letter": 141, "lang_index_column": 3, "lang_index_row": 9, "is_yoon": false, "is_dakuten": true, "is_supplementary": false}}, {"model": "alphabet.alphabetentry", "pk": 142, "fields": {"alphabet": 1, "letter": 142, "lang_index_column": 4, "lang_index_row": 9, "is_yoon": false, "is_dakuten": true, "is_supplementary": false}}, {"model": "alphabet.alphabetentry", "pk": 143, "fields": {"alphabet": 1, "letter": 143, "lang_index_column": 5, "lang_index_row": 9, "is_yoon": true, "is_dakuten": true, "is_supplementary": false}}, {"model": "alphabet.alphabetentry", "pk": 144, "fields": {"alphabet": 1, "letter": 144, "lang_index_column": 6, "lang_index_row": 9, "is_yoon": true, "is_dakuten": true, "is_supplementary": false}}, {"model": "alphabet.alphabetentry", "pk": 145, "fields": {"alphabet": 1, "letter": 145, "lang_index_column": 7, "lang_index_row": 9, "is_yoon": true, "is_dakuten": true, "is_supplementary": false}}, {"model": "alphabet.alphabetentry", "pk": 146, "fields": {"alphabet": 2, "letter": 154, "lang_index_column": 5, "lang_index_row": 1, "is_yoon": true, "is_dakuten": false, "is_supplementary": false}}, {"model": "alphabet.alphabetentry", "pk": 147, "fields": {"alphabet": 2, "letter": 155, "lang_index_column": 6, "lang_index_row": 1, "is_yoon": true, "is_dakuten": false, "is_supplementary": false}}, {"model": "alphabet.alphabetentry", "pk": 148, "fields": {"alphabet": 2, "letter": 156, "lang_index_column": 7, "lang_index_row": 1, "is_yoon": true, "is_dakuten": false, "is_supplementary": false}}, {"model": "alphabet.alphabetentry", "pk": 149, "fields": {"alphabet": 2, "letter": 157, "lang_index_column": 5, "lang_index_row": 4, "is_yoon": true, "is_dakuten": false, "is_supplementary": false}}, {"model": "alphabet.alphabetentry", "pk": 150, "fields": {"alphabet": 2, "letter": 158, "lang_index_column": 6, "lang_index_row": 4, "is_yoon": true, "is_dakuten": false, "is_supplementary": false}}, {"model": "alphabet.alphabetentry", "pk": 151, "fields": {"alphabet": 2, "letter": 159, "lang_index_column": 7, "lang_index_row": 4, "is_yoon": true, "is_dakuten": false, "is_supplementary": false}}, {"model": "alphabet.alphabetentry", "pk": 152, "fields": {"alphabet": 2, "letter": 160, "lang_index_column": 5, "lang_index_row": 9, "is_yoon": true, "is_dakuten": false, "is_supplementary": false}}, {"model": "alphabet.alphabetentry", "pk": 153, "fields": {"alphabet": 2, "letter": 161, "lang_index_column": 6, "lang_index_row": 9, "is_yoon": true, "is_dakuten": false, "is_supplementary": false}}, {"model": "alphabet.alphabetentry", "pk": 154, "fields": {"alphabet": 2, "letter": 162, "lang_index_column": 7, "lang_index_row": 9, "is_yoon": true, "is_dakuten": false, "is_supplementary": false}}, {"model": "alphabet.alphabetentry", "pk": 155, "fields": {"alphabet": 2, "letter": 163, "lang_index_column": 5, "lang_index_row": 14, "is_yoon": true, "is_dakuten": false, "is_supplementary": false}}, {"model": "alphabet.alphabetentry", "pk": 156, "fields": {"alphabet": 2, "letter": 164, "lang_index_column": 6, "lang_index_row": 14, "is_yoon": true, "is_dakuten": false, "is_supplementary": false}}, {"model": "alphabet.alphabetentry", "pk": 157, "fields": {"alphabet": 2, "letter": 165, "lang_index_column": 7, "lang_index_row": 14, "is_yoon": true, "is_dakuten": false, "is_supplementary": false}}, {"model": "alphabet.alphabetentry", "pk": 158, "fields": {"alphabet": 2, "letter": 166, "lang_index_column": 5, "lang_index_row": 15, "is_yoon": true, "is_dakuten": false, "is_supplementary": false}}, {"model": "alphabet.alphabetentry", "pk": 159, "fields": {"alphabet": 2, "letter": 167, "lang_index_column": 6, "lang_index_row": 15, "is_yoon": true, "is_dakuten": false, "is_supplementary": false}}, {"model": "alphabet.alphabetentry", "pk": 160, "fields": {"alphabet": 2, "letter": 168, "lang_index_column": 7, "lang_index_row": 15, "is_yoon": true, "is_dakuten": false, "is_supplementary": false}}, {"model": "alphabet.alphabetentry", "pk": 161, "fields": {"alphabet": 2, "letter": 169, "lang_index_column": 5, "lang_index_row": 19, "is_yoon": true, "is_dakuten": false, "is_supplementary": false}}, {"model": "alphabet.alphabetentry", "pk": 162, "fields": {"alphabet": 2, "letter": 170, "lang_index_column": 6, "lang_index_row": 19, "is_yoon": true, "is_dakuten": false, "is_supplementary": false}}, {"model": "alphabet.alphabetentry", "pk": 163, "fields": {"alphabet": 2, "letter": 171, "lang_index_column": 7, "lang_index_row": 19, "is_yoon": true, "is_dakuten": false, "is_supplementary": false}}, {"model": "alphabet.alphabetentry", "pk": 164, "fields": {"alphabet": 2, "letter": 172, "lang_index_column": 5, "lang_index_row": 21, "is_yoon": true, "is_dakuten": false, "is_supplementary": false}}, {"model": "alphabet.alphabetentry", "pk": 165, "fields": {"alphabet": 2, "letter": 173, "lang_index_column": 6, "lang_index_row": 21, "is_yoon": true, "is_dakuten": false, "is_supplementary": false}}, {"model": "alphabet.alphabetentry", "pk": 166, "fields": {"alphabet": 2, "letter": 174, "lang_index_column": 7, "lang_index_row": 21, "is_yoon": true, "is_dakuten": false, "is_supplementary": false}}, {"model": "alphabet.alphabetentry", "pk": 167, "fields": {"alphabet": 2, "letter": 175, "lang_index_column": 0, "lang_index_row": 3, "is_yoon": false, "is_dakuten": true, "is_supplementary": false}}, {"model": "alphabet.alphabetentry", "pk": 168, "fields": {"alphabet": 2, "letter": 176, "lang_index_column": 1, "lang_index_row": 3, "is_yoon": false, "is_dakuten": true, "is_supplementary": false}}, {"model": "alphabet.alphabetentry", "pk": 169, "fields": {"alphabet": 2, "letter": 177, "lang_index_column": 2, "lang_index_row": 3, "is_yoon": false, "is_dakuten": true, "is_supplementary": false}}, {"model": "alphabet.alphabetentry", "pk": 170, "fields": {"alphabet": 2, "letter": 178, "lang_index_column": 3, "lang_index_row": 3, "is_yoon": false, "is_dakuten": true, "is_supplementary": false}}, {"model": "alphabet.alphabetentry", "pk": 171, "fields": {"alphabet": 2, "letter": 179, "lang_index_column": 4, "lang_index_row": 3, "is_yoon": false, "is_dakuten": true, "is_supplementary": false}}, {"model": "alphabet.alphabetentry", "pk": 172, "fields": {"alphabet": 2, "letter": 180, "lang_index_column": 5, "lang_index_row": 3, "is_yoon": true, "is_dakuten": true, "is_supplementary": false}}, {"model": "alphabet.alphabetentry", "pk": 173, "fields": {"alphabet": 2, "letter": 181, "lang_index_column": 6, "lang_index_row": 3, "is_yoon": true, "is_dakuten": true, "is_supplementary": false}}, {"model": "alphabet.alphabetentry", "pk": 174, "fields": {"alphabet": 2, "letter": 182, "lang_index_column": 7, "lang_index_row": 3, "is_yoon": true, "is_dakuten": true, "is_supplementary": false}}, {"model": "alphabet.alphabetentry", "pk": 175, "fields": {"alphabet": 2, "letter": 183, "lang_index_column": 0, "lang_index_row": 7, "is_yoon": false, "is_dakuten": true, "is_supplementary": false}}, {"model": "alphabet.alphabetentry", "pk": 176, "fields": {"alphabet": 2, "letter": 184, "lang_index_column": 1, "lang_index_row": 7, "is_yoon": false, "is_dakuten": true, "is_supplementary": false}}, {"model": "alphabet.alphabetentry", "pk": 177, "fields": {"alphabet": 2, "letter": 185, "lang_index_column": 2, "lang_index_row": 7, "is_yoon": false, "is_dakuten": true, "is_supplementary": false}}, {"model": "alphabet.alphabetentry", "pk": 178, "fields": {"alphabet": 2, "letter": 186, "lang_index_column": 3, "lang_index_row": 7, "is_yoon": false, "is_dakuten": true, "is_supplementary": false}}, {"model": "alphabet.alphabetentry", "pk": 179, "fields": {"alphabet": 2, "letter": 187, "lang_index_column": 4, "lang_index_row": 7, "is_yoon": false, "is_dakuten": true, "is_supplementary": false}}, {"model": "alphabet.alphabetentry", "pk": 180, "fields": {"alphabet": 2, "letter": 188, "lang_index_column": 5, "lang_index_row": 7, "is_yoon": true, "is_dakuten": true, "is_supplementary": false}}, {"model": "alphabet.alphabetentry", "pk": 181, "fields": {"alphabet": 2, "letter": 189, "lang_index_column": 6, "lang_index_row": 7, "is_yoon": true, "is_dakuten": true, "is_supplementary": false}}, {"model": "alphabet.alphabetentry", "pk": 182, "fields": {"alphabet": 2, "letter": 190, "lang_index_column": 7, "lang_index_row": 7, "is_yoon": true, "is_dakuten": true, "is_supplementary": false}}, {"model": "alphabet.alphabetentry", "pk": 183, "fields": {"alphabet": 2, "letter": 191, "lang_index_column": 0, "lang_index_row": 12, "is_yoon": false, "is_dakuten": true, "is_supplementary": false}}, {"model": "alphabet.alphabetentry", "pk": 184, "fields": {"alphabet": 2, "letter": 192, "lang_index_column": 1, "lang_index_row": 12, "is_yoon": false, "is_dakuten": true, "is_supplementary": false}}, {"model": "alphabet.alphabetentry", "pk": 185, "fields": {"alphabet": 2, "letter": 193, "lang_index_column": 2, "lang_index_row": 12, "is_yoon": false, "is_dakuten": true, "is_supplementary": false}}, {"model": "alphabet.alphabetentry", "pk": 186, "fields": {"alphabet": 2, "letter": 194, "lang_index_column": 3, "lang_index_row": 12, "is_yoon": false, "is_dakuten": true, "is_supplementary": false}}, {"model": "alphabet.alphabetentry", "pk": 187, "fields": {"alphabet": 2, "letter": 195, "lang_index_column": 4, "lang_index_row": 12, "is_yoon": false, "is_dakuten": true, "is_supplementary": false}}, {"model": "alphabet.alphabetentry", "pk": 188, "fields": {"alphabet": 2, "letter": 196, "lang_index_column": 5, "lang_index_row": 12, "is_yoon": true, "is_dakuten": true, "is_supplementary": false}}, {"model": "alphabet.alphabetentry", "pk": 189, "fields": {"alphabet": 2, "letter": 197, "lang_index_column": 6, "lang_index_row": 12, "is_yoon": true, "is_dakuten": true, "is_supplementary": false}}, {"model": "alphabet.alphabetentry", "pk": 190, "fields": {"alphabet": 2, "letter": 198, "lang_index_column": 7, "lang_index_row": 12, "is_yoon": true, "is_dakuten": true, "is_supplementary": false}}, {"model": "alphabet.alphabetentry", "pk": 191, "fields": {"alphabet": 2, "letter": 199, "lang_index_column": 0, "lang_index_row": 17, "is_yoon": false, "is_dakuten": true, "is_supplementary": false}}, {"model": "alphabet.alphabetentry", "pk": 192, "fields": {"alphabet": 2, "letter": 200, "lang_index_column": 1, "lang_index_row": 17, "is_yoon": false, "is_dakuten": true, "is_supplementary": false}}, {"model": "alphabet.alphabetentry", "pk": 193, "fields": {"alphabet": 2, "letter": 201, "lang_index_column": 2, "lang_index_row": 17, "is_yoon": false, "is_dakuten": true, "is_supplementary": false}}, {"model": "alphabet.alphabetentry", "pk": 194, "fields": {"alphabet": 2, "letter": 202, "lang_index_column": 3, "lang_index_row": 17, "is_yoon": false, "is_dakuten": true, "is_supplementary": false}}, {"model": "alphabet.alphabetentry", "pk": 195, "fields": {"alphabet": 2, "letter": 203, "lang_index_column": 4, "lang_index_row": 17, "is_yoon": false, "is_dakuten": true, "is_supplementary": false}}, {"model": "alphabet.alphabetentry", "pk": 196, "fields": {"alphabet": 2, "letter": 204, "lang_index_column": 5, "lang_index_row": 17, "is_yoon": true, "is_dakuten": true, "is_supplementary": false}}, {"model": "alphabet.alphabetentry", "pk": 197, "fields": {"alphabet": 2, "letter": 205, "lang_index_column": 6, "lang_index_row": 17, "is_yoon": true, "is_dakuten": true, "is_supplementary": false}}, {"model": "alphabet.alphabetentry", "pk": 198, "fields": {"alphabet": 2, "letter": 206, "lang_index_column": 7, "lang_index_row": 17, "is_yoon": true, "is_dakuten": true, "is_supplementary": false}}, {"model": "alphabet.alphabetentry", "pk": 199, "fields": {"alphabet": 2, "letter": 207, "lang_index_column": 0, "lang_index_row": 18, "is_yoon": false, "is_dakuten": true, "is_supplementary": false}}, {"model": "alphabet.alphabetentry", "pk": 200, "fields": {"alphabet": 2, "letter": 208, "lang_index_column": 1, "lang_index_row": 18, "is_yoon": false, "is_dakuten": true, "is_supplementary": false}}, {"model": "alphabet.alphabetentry", "pk": 201, "fields": {"alphabet": 2, "letter": 209, "lang_index_column": 2, "lang_index_row": 18, "is_yoon": false, "is_dakuten": true, "is_supplementary": false}}, {"model": "alphabet.alphabetentry", "pk": 202, "fields": {"alphabet": 2, "letter": 210, "lang_index_column": 3, "lang_index_row": 18, "is_yoon": false, "is_dakuten": true, "is_supplementary": false}}, {"model": "alphabet.alphabetentry", "pk": 203, "fields": {"alphabet": 2, "letter": 211, "lang_index_column": 4, "lang_index_row": 18, "is_yoon": false, "is_dakuten": true, "is_supplementary": false}}, {"model": "alphabet.alphabetentry", "pk": 204, "fields": {"alphabet": 2, "letter": 212, "lang_index_column": 5, "lang_index_row": 18, "is_yoon": true, "is_dakuten": true, "is_supplementary": false}}, {"model": "alphabet.alphabetentry", "pk": 205, "fields": {"alphabet": 2, "letter": 213, "lang_index_column": 6, "lang_index_row": 18, "is_yoon": true, "is_dakuten": true, "is_supplementary": false}}, {"model": "alphabet.alphabetentry", "pk": 206, "fields": {"alphabet": 2, "letter": 214, "lang_index_column": 7, "lang_index_row": 18, "is_yoon": true, "is_dakuten": true, "is_supplementary": false}}, {"model": "alphabet.alphabetentry", "pk": 207, "fields": {"alphabet": 2, "letter": 215, "lang_index_column": 3, "lang_index_row": 20, "is_yoon": false, "is_dakuten": false, "is_supplementary": true}}, {"model": "alphabet.alphabetentry", "pk": 208, "fields": {"alphabet": 2, "letter": 216, "lang_index_column": 0, "lang_index_row": 24, "is_yoon": false, "is_dakuten": true, "is_supplementary": true}}, {"model": "alphabet.alphabetentry", "pk": 209, "fields": {"alphabet": 2, "letter": 217, "lang_index_column": 1, "lang_index_row": 24, "is_yoon": false, "is_dakuten": true, "is_supplementary": true}}, {"model": "alphabet.alphabetentry", "pk": 210, "fields": {"alphabet": 2, "letter": 218, "lang_index_column": 2, "lang_index_row": 24, "is_yoon": false, "is_dakuten": true, "is_supplementary": true}}, {"model": "alphabet.alphabetentry", "pk": 211, "fields": {"alphabet": 2, "letter": 219, "lang_index_column": 3, "lang_index_row": 24, "is_yoon": false, "is_dakuten": true, "is_supplementary": true}}, {"model": "alphabet.alphabetentry", "pk": 212, "fields": {"alphabet": 2, "letter": 220, "lang_index_column": 4, "lang_index_row": 24, "is_yoon": false, "is_dakuten": true, "is_supplementary": true}}, {"model": "alphabet.alphabetentry", "pk": 213, "fields": {"alphabet": 2, "letter": 221, "lang_index_column": 5, "lang_index_row": 24, "is_yoon": true, "is_dakuten": true, "is_supplementary": true}}, {"model": "alphabet.alphabetentry", "pk": 214, "fields": {"alphabet": 2, "letter": 222, "lang_index_column": 6, "lang_index_row": 24, "is_yoon": true, "is_dakuten": true, "is_supplementary": true}}, {"model": "alphabet.alphabetentry", "pk": 215, "fields": {"alphabet": 2, "letter": 223, "lang_index_column": 7, "lang_index_row": 24, "is_yoon": true, "is_dakuten": true, "is_supplementary": true}}, {"model": "alphabet.alphabetentry", "pk": 216, "fields": {"alphabet": 2, "letter": 224, "lang_index_column": 8, "lang_index_row": 4, "is_yoon": false, "is_dakuten": false, "is_supplementary": true}}, {"model": "alphabet.alphabetentry", "pk": 217, "fields": {"alphabet": 2, "letter": 225, "lang_index_column": 8, "lang_index_row": 7, "is_yoon": false, "is_dakuten": true, "is_supplementary": true}}, {"model": "alphabet.alphabetentry", "pk": 218, "fields": {"alphabet": 2, "letter": 226, "lang_index_column": 8, "lang_index_row": 9, "is_yoon": false, "is_dakuten": false, "is_supplementary": true}}, {"model": "alphabet.alphabetentry", "pk": 219, "fields": {"alphabet": 2, "letter": 227, "lang_index_column": 1, "lang_index_row": 6, "is_yoon": false, "is_dakuten": false, "is_supplementary": true}}, {"model": "alphabet.alphabetentry", "pk": 220, "fields": {"alphabet": 2, "letter": 228, "lang_index_column": 1, "lang_index_row": 8, "is_yoon": false, "is_dakuten": false, "is_supplementary": true}}, {"model": "alphabet.alphabetentry", "pk": 221, "fields": {"alphabet": 2, "letter": 229, "lang_index_column": 1, "lang_index_row": 10, "is_yoon": false, "is_dakuten": false, "is_supplementary": true}}, {"model": "alphabet.alphabetentry", "pk": 222, "fields": {"alphabet": 2, "letter": 230, "lang_index_column": 2, "lang_index_row": 10, "is_yoon": false, "is_dakuten": false, "is_supplementary": true}}, {"model": "alphabet.alphabetentry", "pk": 223, "fields": {"alphabet": 2, "letter": 231, "lang_index_column": 5, "lang_index_row": 10, "is_yoon": true, "is_dakuten": false, "is_supplementary": true}}, {"model": "alphabet.alphabetentry", "pk": 224, "fields": {"alphabet": 2, "letter": 232, "lang_index_column": 6, "lang_index_row": 10, "is_yoon": true, "is_dakuten": false, "is_supplementary": true}}, {"model": "alphabet.alphabetentry", "pk": 225, "fields": {"alphabet": 2, "letter": 233, "lang_index_column": 7, "lang_index_row": 10, "is_yoon": true, "is_dakuten": false, "is_supplementary": true}}, {"model": "alphabet.alphabetentry", "pk": 226, "fields": {"alphabet": 2, "letter": 234, "lang_index_column": 1, "lang_index_row": 13, "is_yoon": false, "is_dakuten": true, "is_supplementary": true}}, {"model": "alphabet.alphabetentry", "pk": 227, "fields": {"alphabet": 2, "letter": 235, "lang_index_column": 2, "lang_index_row": 13, "is_yoon": false, "is_dakuten": true, "is_supplementary": true}}, {"model": "alphabet.alphabetentry", "pk": 228, "fields": {"alphabet": 2, "letter": 236, "lang_index_column": 5, "lang_index_row": 13, "is_yoon": true, "is_dakuten": true, "is_supplementary": true}}, {"model": "alphabet.alphabetentry", "pk": 229, "fields": {"alphabet": 2, "letter": 237, "lang_index_column": 6, "lang_index_row": 13, "is_yoon": true, "is_dakuten": true, "is_supplementary": true}}, {"model": "alphabet.alphabetentry", "pk": 230, "fields": {"alphabet": 2, "letter": 238, "lang_index_column": 7, "lang_index_row": 13, "is_yoon": true, "is_dakuten": true, "is_supplementary": true}}, {"model": "alphabet.alphabetentry", "pk": 231, "fields": {"alphabet": 2, "letter": 239, "lang_index_column": 0, "lang_index_row": 11, "is_yoon": false, "is_dakuten": false, "is_supplementary": true}}, {"model": "alphabet.alphabetentry", "pk": 232, "fields": {"alphabet": 2, "letter": 240, "lang_index_column": 1, "lang_index_row": 11, "is_yoon": false, "is_dakuten": false, "is_supplementary": true}}, {"model": "alphabet.alphabetentry", "pk": 233, "fields": {"alphabet": 2, "letter": 241, "lang_index_column": 3, "lang_index_row": 11, "is_yoon": false, "is_dakuten": false, "is_supplementary": true}}, {"model": "alphabet.alphabetentry", "pk": 234, "fields": {"alphabet": 2, "letter": 242, "lang_index_column": 4, "lang_index_row": 11, "is_yoon": false, "is_dakuten": false, "is_supplementary": true}}, {"model": "alphabet.alphabetentry", "pk": 235, "fields": {"alphabet": 2, "letter": 243, "lang_index_column": 0, "lang_index_row": 16, "is_yoon": false, "is_dakuten": false, "is_supplementary": true}}, {"model": "alphabet.alphabetentry", "pk": 236, "fields": {"alphabet": 2, "letter": 244, "lang_index_column": 1, "lang_index_row": 16, "is_yoon": false, "is_dakuten": false, "is_supplementary": true}}, {"model": "alphabet.alphabetentry", "pk": 237, "fields": {"alphabet": 2, "letter": 245, "lang_index_column": 2, "lang_index_row": 16, "is_yoon": false, "is_dakuten": false, "is_supplementary": true}}, {"model": "alphabet.alphabetentry", "pk": 238, "fields": {"alphabet": 2, "letter": 246, "lang_index_column": 3, "lang_index_row": 16, "is_yoon": false, "is_dakuten": false, "is_supplementary": true}}, {"model": "alphabet.alphabetentry", "pk": 239, "fields": {"alphabet": 2, "letter": 247, "lang_index_column": 4, "lang_index_row": 16, "is_yoon": false, "is_dakuten": false, "is_supplementary": true}}, {"model": "alphabet.alphabetentry", "pk": 240, "fields": {"alphabet": 2, "letter": 248, "lang_index_column": 5, "lang_index_row": 16, "is_yoon": true, "is_dakuten": false, "is_supplementary": true}}, {"model": "alphabet.alphabetentry", "pk": 241, "fields": {"alphabet": 2, "letter": 249, "lang_index_column": 6, "lang_index_row": 16, "is_yoon": true, "is_dakuten": false, "is_supplementary": true}}, {"model": "alphabet.alphabetentry", "pk": 242, "fields": {"alphabet": 2, "letter": 250, "lang_index_column": 7, "lang_index_row": 16, "is_yoon": true, "is_dakuten": false, "is_supplementary": true}}, {"model": "alphabet.alphabetentry", "pk": 243, "fields": {"alphabet": 2, "letter": 251, "lang_index_column": 8, "lang_index_row": 21, "is_yoon": false, "is_dakuten": false, "is_supplementary": true}}, {"model": "alphabet.alphabetentry", "pk": 244, "fields": {"alphabet": 2, "letter": 252, "lang_index_column": 0, "lang_index_row": 23, "is_yoon": false, "is_dakuten": false, "is_supplementary": true}}, {"model": "alphabet.alphabetentry", "pk": 245, "fields": {"alphabet": 2, "letter": 253, "lang_index_column": 1, "lang_index_row": 23, "is_yoon": false, "is_dakuten": false, "is_supplementary": true}}, {"model": "alphabet.alphabetentry", "pk": 246, "fields": {"alphabet": 2, "letter": 254, "lang_index_column": 3, "lang_index_row": 23, "is_yoon": false, "is_dakuten": false, "is_supplementary": true}}, {"model": "alphabet.alphabetentry", "pk": 247, "fields": {"alphabet": 2, "letter": 255, "lang_index_column": 4, "lang_index_row": 23, "is_yoon": false, "is_dakuten": false, "is_supplementary": true}}, {"model": "alphabet.alphabetentry", "pk": 248, "fields": {"alphabet": 2, "letter": 256, "lang_index_column": 5, "lang_index_row": 23, "is_yoon": true, "is_dakuten": false, "is_supplementary": true}}, {"model": "alphabet.alphabetentry", "pk": 249, "fields": {"alphabet": 2, "letter": 257, "lang_index_column": 6, "lang_index_row": 23, "is_yoon": true, "is_dakuten": false, "is_supplementary": true}}, {"model": "alphabet.alphabetentry", "pk": 250, "fields": {"alphabet": 2, "letter": 258, "lang_index_column": 7, "lang_index_row": 23, "is_yoon": true, "is_dakuten": false, "is_supplementary": true}}, {"model": "alphabet.alphabetentry", "pk": 251, "fields": {"alphabet": 2, "letter": 259, "lang_index_column": 0, "lang_index_row": 2, "is_yoon": false, "is_dakuten": false, "is_supplementary": true}}, {"model": "alphabet.alphabetentry", "pk": 252, "fields": {"alphabet": 2, "letter": 260, "lang_index_column": 1, "lang_index_row": 2, "is_yoon": false, "is_dakuten": false, "is_supplementary": true}}, {"model": "alphabet.alphabetentry", "pk": 253, "fields": {"alphabet": 2, "letter": 261, "lang_index_column": 2, "lang_index_row": 2, "is_yoon": false, "is_dakuten": false, "is_supplementary": true}}, {"model": "alphabet.alphabetentry", "pk": 254, "fields": {"alphabet": 2, "letter": 262, "lang_index_column": 3, "lang_index_row": 2, "is_yoon": false, "is_dakuten": false, "is_supplementary": true}}, {"model": "alphabet.alphabetentry", "pk": 255, "fields": {"alphabet": 2, "letter": 263, "lang_index_column": 4, "lang_index_row": 2, "is_yoon": false, "is_dakuten": false, "is_supplementary": true}}, {"model": "alphabet.alphabetentry", "pk": 256, "fields": {"alphabet": 2, "letter": 264, "lang_index_column": 0, "lang_index_row": 4, "is_yoon": false, "is_dakuten": true, "is_supplementary": true}}, {"model": "alphabet.alphabetentry", "pk": 257, "fields": {"alphabet": 2, "letter": 265, "lang_index_column": 1, "lang_index_row": 4, "is_yoon": false, "is_dakuten": true, "is_supplementary": true}}, {"model": "alphabet.alphabetentry", "pk": 258, "fields": {"alphabet": 2, "letter": 266, "lang_index_column": 2, "lang_index_row": 4, "is_yoon": false, "is_dakuten": true, "is_supplementary": true}}, {"model": "alphabet.alphabetentry", "pk": 259, "fields": {"alphabet": 2, "letter": 267, "lang_index_column": 3, "lang_index_row": 4, "is_yoon": false, "is_dakuten": true, "is_supplementary": true}}, {"model": "alphabet.alphabetentry", "pk": 260, "fields": {"alphabet": 2, "letter": 268, "lang_index_column": 4, "lang_index_row": 4, "is_yoon": false, "is_dakuten": true, "is_supplementary": true}}]
