[{"model": "dictionary.language", "pk": 1, "fields": {"name": "Английский", "flag_code": "en", "emoji": ""}}, {"model": "dictionary.language", "pk": 2, "fields": {"name": "Русский", "flag_code": "ru", "emoji": ""}}, {"model": "dictionary.language", "pk": 3, "fields": {"name": "Японский", "flag_code": "ja", "emoji": ""}}, {"model": "dictionary.language", "pk": 4, "fields": {"name": "Грузинский", "flag_code": "ka", "emoji": ""}}, {"model": "dictionary.word", "pk": 1, "fields": {"text": "一", "language": 3}}, {"model": "dictionary.word", "pk": 2, "fields": {"text": "один", "language": 2}}, {"model": "dictionary.word", "pk": 3, "fields": {"text": "二", "language": 3}}, {"model": "dictionary.word", "pk": 4, "fields": {"text": "два", "language": 2}}, {"model": "dictionary.word", "pk": 5, "fields": {"text": "三", "language": 3}}, {"model": "dictionary.word", "pk": 6, "fields": {"text": "три", "language": 2}}, {"model": "dictionary.word", "pk": 7, "fields": {"text": "四", "language": 3}}, {"model": "dictionary.word", "pk": 8, "fields": {"text": "четыре", "language": 2}}, {"model": "dictionary.word", "pk": 9, "fields": {"text": "五", "language": 3}}, {"model": "dictionary.word", "pk": 10, "fields": {"text": "пять", "language": 2}}, {"model": "dictionary.word", "pk": 11, "fields": {"text": "六", "language": 3}}, {"model": "dictionary.word", "pk": 12, "fields": {"text": "шесть", "language": 2}}, {"model": "dictionary.word", "pk": 13, "fields": {"text": "七", "language": 3}}, {"model": "dictionary.word", "pk": 14, "fields": {"text": "семь", "language": 2}}, {"model": "dictionary.word", "pk": 15, "fields": {"text": "八", "language": 3}}, {"model": "dictionary.word", "pk": 16, "fields": {"text": "восемь", "language": 2}}, {"model": "dictionary.word", "pk": 17, "fields": {"text": "九", "language": 3}}, {"model": "dictionary.word", "pk": 18, "fields": {"text": "девять", "language": 2}}, {"model": "dictionary.word", "pk": 19, "fields": {"text": "十", "language": 3}}, {"model": "dictionary.word", "pk": 20, "fields": {"text": "десять", "language": 2}}, {"model": "dictionary.word", "pk": 21, "fields": {"text": "肉", "language": 3}}, {"model": "dictionary.word", "pk": 22, "fields": {"text": "мясо", "language": 2}}, {"model": "dictionary.word", "pk": 23, "fields": {"text": "水", "language": 3}}, {"model": "dictionary.word", "pk": 24, "fields": {"text": "вода", "language": 2}}, {"model": "dictionary.word", "pk": 25, "fields": {"text": "夏", "language": 3}}, {"model": "dictionary.word", "pk": 26, "fields": {"text": "лето", "language": 2}}, {"model": "dictionary.word", "pk": 27, "fields": {"text": "冬", "language": 3}}, {"model": "dictionary.word", "pk": 28, "fields": {"text": "зима", "language": 2}}, {"model": "dictionary.word", "pk": 29, "fields": {"text": "私", "language": 3}}, {"model": "dictionary.word", "pk": 30, "fields": {"text": "я", "language": 2}}, {"model": "dictionary.word", "pk": 31, "fields": {"text": "僕", "language": 3}}, {"model": "dictionary.word", "pk": 32, "fields": {"text": "いただきます", "language": 3}}, {"model": "dictionary.word", "pk": 33, "fields": {"text": "(фраза, говоримая перед началом еды)", "language": 2}}, {"model": "dictionary.word", "pk": 34, "fields": {"text": "ごちそうさまでした", "language": 3}}, {"model": "dictionary.word", "pk": 35, "fields": {"text": "(благодарность за прием пищи)", "language": 2}}, {"model": "dictionary.word", "pk": 36, "fields": {"text": "こんにちは", "language": 3}}, {"model": "dictionary.word", "pk": 37, "fields": {"text": "Добрый день / Здравствуйте", "language": 2}}, {"model": "dictionary.word", "pk": 38, "fields": {"text": "おはようございます", "language": 3}}, {"model": "dictionary.word", "pk": 39, "fields": {"text": "Доброе утро", "language": 2}}, {"model": "dictionary.word", "pk": 40, "fields": {"text": "こんばんは", "language": 3}}, {"model": "dictionary.word", "pk": 41, "fields": {"text": "Добрый вечер", "language": 2}}, {"model": "dictionary.word", "pk": 42, "fields": {"text": "朝", "language": 3}}, {"model": "dictionary.word", "pk": 43, "fields": {"text": "утро", "language": 2}}, {"model": "dictionary.word", "pk": 44, "fields": {"text": "夜", "language": 3}}, {"model": "dictionary.word", "pk": 45, "fields": {"text": "вечер / ночь", "language": 2}}, {"model": "dictionary.word", "pk": 46, "fields": {"text": "今日", "language": 3}}, {"model": "dictionary.word", "pk": 47, "fields": {"text": "сегодня", "language": 2}}, {"model": "dictionary.word", "pk": 48, "fields": {"text": "今", "language": 3}}, {"model": "dictionary.word", "pk": 49, "fields": {"text": "сейчас", "language": 2}}, {"model": "dictionary.word", "pk": 50, "fields": {"text": "時", "language": 3}}, {"model": "dictionary.word", "pk": 51, "fields": {"text": "час", "language": 2}}, {"model": "dictionary.word", "pk": 52, "fields": {"text": "分", "language": 3}}, {"model": "dictionary.word", "pk": 53, "fields": {"text": "минута", "language": 2}}, {"model": "dictionary.word", "pk": 54, "fields": {"text": "お茶", "language": 3}}, {"model": "dictionary.word", "pk": 55, "fields": {"text": "чай (зеленый)", "language": 2}}, {"model": "dictionary.word", "pk": 56, "fields": {"text": "りんご", "language": 3}}, {"model": "dictionary.word", "pk": 57, "fields": {"text": "яблоко", "language": 2}}, {"model": "dictionary.word", "pk": 58, "fields": {"text": "食べます", "language": 3}}, {"model": "dictionary.word", "pk": 59, "fields": {"text": "есть", "language": 2}}, {"model": "dictionary.word", "pk": 60, "fields": {"text": "御飯", "language": 3}}, {"model": "dictionary.word", "pk": 61, "fields": {"text": "рис", "language": 2}}, {"model": "dictionary.word", "pk": 62, "fields": {"text": "会社", "language": 3}}, {"model": "dictionary.word", "pk": 63, "fields": {"text": "работа", "language": 2}}, {"model": "dictionary.word", "pk": 64, "fields": {"text": "日本", "language": 3}}, {"model": "dictionary.word", "pk": 65, "fields": {"text": "Япония", "language": 2}}, {"model": "dictionary.word", "pk": 66, "fields": {"text": "中国", "language": 3}}, {"model": "dictionary.word", "pk": 67, "fields": {"text": "Китай", "language": 2}}, {"model": "dictionary.word", "pk": 68, "fields": {"text": "午前", "language": 3}}, {"model": "dictionary.word", "pk": 69, "fields": {"text": "до полудня (a.m.)", "language": 2}}, {"model": "dictionary.word", "pk": 70, "fields": {"text": "午後", "language": 3}}, {"model": "dictionary.word", "pk": 71, "fields": {"text": "после полудня (p.m.)", "language": 2}}, {"model": "dictionary.word", "pk": 72, "fields": {"text": "零時", "language": 3}}, {"model": "dictionary.word", "pk": 73, "fields": {"text": "полночь", "language": 2}}, {"model": "dictionary.word", "pk": 74, "fields": {"text": "起きます", "language": 3}}, {"model": "dictionary.word", "pk": 75, "fields": {"text": "просыпаться", "language": 2}}, {"model": "dictionary.word", "pk": 76, "fields": {"text": "毎朝", "language": 3}}, {"model": "dictionary.word", "pk": 77, "fields": {"text": "каждое утро", "language": 2}}, {"model": "dictionary.word", "pk": 78, "fields": {"text": "毎日", "language": 3}}, {"model": "dictionary.word", "pk": 79, "fields": {"text": "каждый день", "language": 2}}, {"model": "dictionary.word", "pk": 80, "fields": {"text": "ちょうど", "language": 3}}, {"model": "dictionary.word", "pk": 81, "fields": {"text": "точно, ровно", "language": 2}}, {"model": "dictionary.word", "pk": 82, "fields": {"text": "ごろ", "language": 3}}, {"model": "dictionary.word", "pk": 83, "fields": {"text": "около, примерно", "language": 2}}, {"model": "dictionary.word", "pk": 84, "fields": {"text": "テーブル", "language": 3}}, {"model": "dictionary.word", "pk": 85, "fields": {"text": "стол", "language": 2}}, {"model": "dictionary.word", "pk": 86, "fields": {"text": "ペット", "language": 3}}, {"model": "dictionary.word", "pk": 87, "fields": {"text": "питомец", "language": 2}}, {"model": "dictionary.word", "pk": 88, "fields": {"text": "トイレ", "language": 3}}, {"model": "dictionary.word", "pk": 89, "fields": {"text": "туалет", "language": 2}}, {"model": "dictionary.word", "pk": 90, "fields": {"text": "風呂", "language": 3}}, {"model": "dictionary.word", "pk": 91, "fields": {"text": "ванна", "language": 2}}, {"model": "dictionary.word", "pk": 92, "fields": {"text": "部屋", "language": 3}}, {"model": "dictionary.word", "pk": 93, "fields": {"text": "комната", "language": 2}}, {"model": "dictionary.word", "pk": 94, "fields": {"text": "家", "language": 3}}, {"model": "dictionary.word", "pk": 95, "fields": {"text": "дом", "language": 2}}, {"model": "dictionary.word", "pk": 96, "fields": {"text": "台所", "language": 3}}, {"model": "dictionary.word", "pk": 97, "fields": {"text": "спальня", "language": 2}}, {"model": "dictionary.word", "pk": 98, "fields": {"text": "кухня", "language": 2}}, {"model": "dictionary.word", "pk": 99, "fields": {"text": "寝室", "language": 3}}, {"model": "dictionary.word", "pk": 100, "fields": {"text": "窓", "language": 3}}, {"model": "dictionary.word", "pk": 101, "fields": {"text": "окно", "language": 2}}, {"model": "dictionary.word", "pk": 102, "fields": {"text": "庭", "language": 3}}, {"model": "dictionary.word", "pk": 103, "fields": {"text": "дворик", "language": 2}}, {"model": "dictionary.word", "pk": 104, "fields": {"text": "あります", "language": 3}}, {"model": "dictionary.word", "pk": 105, "fields": {"text": "быть, существовать, иметься", "language": 2}}, {"model": "dictionary.word", "pk": 106, "fields": {"text": "います", "language": 3}}, {"model": "dictionary.word", "pk": 107, "fields": {"text": "быть, находиться", "language": 2}}, {"model": "dictionary.word", "pk": 108, "fields": {"text": "犬", "language": 3}}, {"model": "dictionary.word", "pk": 109, "fields": {"text": "собака", "language": 2}}, {"model": "dictionary.word", "pk": 110, "fields": {"text": "猫", "language": 3}}, {"model": "dictionary.word", "pk": 111, "fields": {"text": "кошка", "language": 2}}, {"model": "dictionary.word", "pk": 112, "fields": {"text": "鳥", "language": 3}}, {"model": "dictionary.word", "pk": 113, "fields": {"text": "птица", "language": 2}}, {"model": "dictionary.word", "pk": 114, "fields": {"text": "魚", "language": 3}}, {"model": "dictionary.word", "pk": 115, "fields": {"text": "рыба", "language": 2}}, {"model": "dictionary.wordcard", "pk": 1, "fields": {"word": 1, "transcription": "いち", "translation": 2, "description": "", "example": "", "owner": 2, "is_public": false, "used_by": [], "card_groups": [1]}}, {"model": "dictionary.wordcard", "pk": 2, "fields": {"word": 3, "transcription": "に", "translation": 4, "description": "", "example": "", "owner": 2, "is_public": false, "used_by": [], "card_groups": [1]}}, {"model": "dictionary.wordcard", "pk": 3, "fields": {"word": 5, "transcription": "さん", "translation": 6, "description": "", "example": "", "owner": 2, "is_public": false, "used_by": [], "card_groups": [1]}}, {"model": "dictionary.wordcard", "pk": 4, "fields": {"word": 7, "transcription": "よん", "translation": 8, "description": "", "example": "", "owner": 2, "is_public": false, "used_by": [], "card_groups": []}}, {"model": "dictionary.wordcard", "pk": 5, "fields": {"word": 9, "transcription": "ご", "translation": 10, "description": "", "example": "", "owner": 2, "is_public": false, "used_by": [], "card_groups": [1]}}, {"model": "dictionary.wordcard", "pk": 6, "fields": {"word": 11, "transcription": "ろく", "translation": 12, "description": "", "example": "", "owner": 2, "is_public": false, "used_by": [], "card_groups": [1]}}, {"model": "dictionary.wordcard", "pk": 7, "fields": {"word": 13, "transcription": "なな、しち", "translation": 14, "description": "", "example": "", "owner": 2, "is_public": false, "used_by": [], "card_groups": [1]}}, {"model": "dictionary.wordcard", "pk": 8, "fields": {"word": 15, "transcription": "はち", "translation": 16, "description": "", "example": "", "owner": 2, "is_public": false, "used_by": [], "card_groups": [1]}}, {"model": "dictionary.wordcard", "pk": 9, "fields": {"word": 17, "transcription": "きゅう", "translation": 18, "description": "", "example": "", "owner": 2, "is_public": false, "used_by": [], "card_groups": [1]}}, {"model": "dictionary.wordcard", "pk": 10, "fields": {"word": 19, "transcription": "じゅう", "translation": 20, "description": "", "example": "", "owner": 2, "is_public": false, "used_by": [], "card_groups": [1]}}, {"model": "dictionary.wordcard", "pk": 11, "fields": {"word": 7, "transcription": "よん、し", "translation": 8, "description": "", "example": "", "owner": 2, "is_public": false, "used_by": [], "card_groups": [1]}}, {"model": "dictionary.wordcard", "pk": 12, "fields": {"word": 21, "transcription": "にく", "translation": 22, "description": "", "example": "", "owner": 2, "is_public": false, "used_by": [], "card_groups": [2]}}, {"model": "dictionary.wordcard", "pk": 13, "fields": {"word": 23, "transcription": "みず", "translation": 24, "description": "", "example": "", "owner": 2, "is_public": false, "used_by": [], "card_groups": [2]}}, {"model": "dictionary.wordcard", "pk": 14, "fields": {"word": 25, "transcription": "なつ", "translation": 26, "description": "", "example": "", "owner": 2, "is_public": false, "used_by": [], "card_groups": [3]}}, {"model": "dictionary.wordcard", "pk": 15, "fields": {"word": 27, "transcription": "ふゆ", "translation": 28, "description": "", "example": "", "owner": 2, "is_public": false, "used_by": [], "card_groups": [3]}}, {"model": "dictionary.wordcard", "pk": 16, "fields": {"word": 29, "transcription": "わたし", "translation": 30, "description": "", "example": "私はロシア人です。", "owner": 2, "is_public": false, "used_by": [], "card_groups": [4]}}, {"model": "dictionary.wordcard", "pk": 17, "fields": {"word": 31, "transcription": "僕", "translation": 30, "description": "", "example": "", "owner": 2, "is_public": false, "used_by": [], "card_groups": [4]}}, {"model": "dictionary.wordcard", "pk": 18, "fields": {"word": 32, "transcription": "", "translation": 33, "description": "", "example": "", "owner": 2, "is_public": false, "used_by": [], "card_groups": [2]}}, {"model": "dictionary.wordcard", "pk": 19, "fields": {"word": 34, "transcription": "", "translation": 35, "description": "", "example": "", "owner": 2, "is_public": false, "used_by": [], "card_groups": [2]}}, {"model": "dictionary.wordcard", "pk": 20, "fields": {"word": 36, "transcription": "こんにちは", "translation": 37, "description": "", "example": "", "owner": 2, "is_public": false, "used_by": [], "card_groups": [5]}}, {"model": "dictionary.wordcard", "pk": 21, "fields": {"word": 38, "transcription": "", "translation": 39, "description": "", "example": "", "owner": 2, "is_public": false, "used_by": [], "card_groups": [5]}}, {"model": "dictionary.wordcard", "pk": 22, "fields": {"word": 40, "transcription": "", "translation": 41, "description": "", "example": "", "owner": 2, "is_public": false, "used_by": [], "card_groups": [5]}}, {"model": "dictionary.wordcard", "pk": 23, "fields": {"word": 42, "transcription": "あさ", "translation": 43, "description": "", "example": "", "owner": 2, "is_public": false, "used_by": [], "card_groups": [6]}}, {"model": "dictionary.wordcard", "pk": 24, "fields": {"word": 44, "transcription": "よる", "translation": 45, "description": "", "example": "", "owner": 2, "is_public": false, "used_by": [], "card_groups": [6]}}, {"model": "dictionary.wordcard", "pk": 25, "fields": {"word": 46, "transcription": "きょう、こんにち", "translation": 47, "description": "", "example": "", "owner": 2, "is_public": false, "used_by": [], "card_groups": [7]}}, {"model": "dictionary.wordcard", "pk": 26, "fields": {"word": 48, "transcription": "いま", "translation": 49, "description": "", "example": "今は二時です。- Сейчас два часа дня.", "owner": 2, "is_public": false, "used_by": [], "card_groups": [8]}}, {"model": "dictionary.wordcard", "pk": 27, "fields": {"word": 50, "transcription": "じ", "translation": 51, "description": "", "example": "一時 - Час дня", "owner": 2, "is_public": false, "used_by": [], "card_groups": [8]}}, {"model": "dictionary.wordcard", "pk": 28, "fields": {"word": 52, "transcription": "ふん", "translation": 53, "description": "", "example": "七分 - Семь минут", "owner": 2, "is_public": false, "used_by": [], "card_groups": [8]}}, {"model": "dictionary.wordcard", "pk": 29, "fields": {"word": 54, "transcription": "おちゃ", "translation": 55, "description": "", "example": "", "owner": 2, "is_public": false, "used_by": [], "card_groups": [2]}}, {"model": "dictionary.wordcard", "pk": 30, "fields": {"word": 56, "transcription": "", "translation": 57, "description": "", "example": "", "owner": 2, "is_public": false, "used_by": [], "card_groups": [2]}}, {"model": "dictionary.wordcard", "pk": 31, "fields": {"word": 58, "transcription": "たべます", "translation": 59, "description": "", "example": "肉を食べます。 - Я ем мясо.", "owner": 2, "is_public": false, "used_by": [], "card_groups": [2]}}, {"model": "dictionary.wordcard", "pk": 32, "fields": {"word": 60, "transcription": "ごはん", "translation": 61, "description": "", "example": "", "owner": 2, "is_public": false, "used_by": [], "card_groups": [2]}}, {"model": "dictionary.wordcard", "pk": 33, "fields": {"word": 62, "transcription": "かいしゃ", "translation": 63, "description": "", "example": "", "owner": 2, "is_public": false, "used_by": [], "card_groups": [10]}}, {"model": "dictionary.wordcard", "pk": 34, "fields": {"word": 64, "transcription": "にほん", "translation": 65, "description": "", "example": "", "owner": 2, "is_public": false, "used_by": [], "card_groups": [11]}}, {"model": "dictionary.wordcard", "pk": 35, "fields": {"word": 66, "transcription": "ちゅうごく", "translation": 67, "description": "", "example": "", "owner": 2, "is_public": false, "used_by": [], "card_groups": [11]}}, {"model": "dictionary.wordcard", "pk": 36, "fields": {"word": 68, "transcription": "ごぜん", "translation": 69, "description": "", "example": "", "owner": 2, "is_public": false, "used_by": [], "card_groups": [8]}}, {"model": "dictionary.wordcard", "pk": 37, "fields": {"word": 70, "transcription": "ごご", "translation": 71, "description": "", "example": "", "owner": 2, "is_public": false, "used_by": [], "card_groups": [8]}}, {"model": "dictionary.wordcard", "pk": 38, "fields": {"word": 72, "transcription": "れいじ", "translation": 73, "description": "", "example": "", "owner": 2, "is_public": false, "used_by": [], "card_groups": [8]}}, {"model": "dictionary.wordcard", "pk": 39, "fields": {"word": 74, "transcription": "おきます", "translation": 75, "description": "", "example": "五時に起きます。", "owner": 2, "is_public": false, "used_by": [], "card_groups": [12]}}, {"model": "dictionary.wordcard", "pk": 40, "fields": {"word": 42, "transcription": "あさ", "translation": 43, "description": "", "example": "", "owner": 2, "is_public": false, "used_by": [], "card_groups": []}}, {"model": "dictionary.wordcard", "pk": 41, "fields": {"word": 76, "transcription": "まいあさ", "translation": 77, "description": "", "example": "", "owner": 2, "is_public": false, "used_by": [], "card_groups": [12]}}, {"model": "dictionary.wordcard", "pk": 42, "fields": {"word": 78, "transcription": "まいにち", "translation": 79, "description": "", "example": "", "owner": 2, "is_public": false, "used_by": [], "card_groups": [12]}}, {"model": "dictionary.wordcard", "pk": 43, "fields": {"word": 80, "transcription": "ちょうど", "translation": 81, "description": "", "example": "九時半ちょうどです。— Сейчас ровно 9:30.", "owner": 2, "is_public": false, "used_by": [], "card_groups": [8]}}, {"model": "dictionary.wordcard", "pk": 44, "fields": {"word": 82, "transcription": "ごろ", "translation": 83, "description": "", "example": "午前八時ごろに起きます。— Я встаю около восьми утра.", "owner": 2, "is_public": false, "used_by": [], "card_groups": [8]}}, {"model": "dictionary.wordcard", "pk": 45, "fields": {"word": 84, "transcription": "", "translation": 85, "description": "", "example": "", "owner": 2, "is_public": false, "used_by": [], "card_groups": [14]}}, {"model": "dictionary.wordcard", "pk": 46, "fields": {"word": 86, "transcription": "", "translation": 87, "description": "", "example": "", "owner": 2, "is_public": false, "used_by": [], "card_groups": [14, 16]}}, {"model": "dictionary.wordcard", "pk": 47, "fields": {"word": 88, "transcription": "", "translation": 89, "description": "", "example": "", "owner": 2, "is_public": false, "used_by": [], "card_groups": [14]}}, {"model": "dictionary.wordcard", "pk": 48, "fields": {"word": 90, "transcription": "ふろ", "translation": 91, "description": "", "example": "", "owner": 2, "is_public": false, "used_by": [], "card_groups": [14]}}, {"model": "dictionary.wordcard", "pk": 49, "fields": {"word": 92, "transcription": "へや", "translation": 93, "description": "", "example": "", "owner": 2, "is_public": false, "used_by": [], "card_groups": [14]}}, {"model": "dictionary.wordcard", "pk": 50, "fields": {"word": 94, "transcription": "いえ", "translation": 95, "description": "", "example": "", "owner": 2, "is_public": false, "used_by": [], "card_groups": [14]}}, {"model": "dictionary.wordcard", "pk": 51, "fields": {"word": 96, "transcription": "だいどころ", "translation": 98, "description": null, "example": null, "owner": 2, "is_public": false, "used_by": [], "card_groups": [14]}}, {"model": "dictionary.wordcard", "pk": 52, "fields": {"word": 99, "transcription": "しんしつ", "translation": 97, "description": "", "example": "", "owner": 2, "is_public": false, "used_by": [], "card_groups": [14]}}, {"model": "dictionary.wordcard", "pk": 53, "fields": {"word": 100, "transcription": "まど", "translation": 101, "description": "", "example": "", "owner": 2, "is_public": false, "used_by": [], "card_groups": [14]}}, {"model": "dictionary.wordcard", "pk": 54, "fields": {"word": 102, "transcription": "にわ", "translation": 103, "description": "", "example": "", "owner": 2, "is_public": false, "used_by": [], "card_groups": [14]}}, {"model": "dictionary.wordcard", "pk": 55, "fields": {"word": 104, "transcription": "あちます", "translation": 105, "description": "", "example": "", "owner": 2, "is_public": false, "used_by": [], "card_groups": [15]}}, {"model": "dictionary.wordcard", "pk": 56, "fields": {"word": 106, "transcription": "います", "translation": 107, "description": "", "example": "学校にいます。— Я в школе.", "owner": 2, "is_public": false, "used_by": [], "card_groups": [15]}}, {"model": "dictionary.wordcard", "pk": 57, "fields": {"word": 108, "transcription": "いぬ", "translation": 109, "description": "", "example": "", "owner": 2, "is_public": false, "used_by": [], "card_groups": [16]}}, {"model": "dictionary.wordcard", "pk": 58, "fields": {"word": 110, "transcription": "ねこ", "translation": 111, "description": "", "example": "", "owner": 2, "is_public": false, "used_by": [], "card_groups": [16]}}, {"model": "dictionary.wordcard", "pk": 59, "fields": {"word": 112, "transcription": "とり", "translation": 113, "description": "", "example": "", "owner": 2, "is_public": false, "used_by": [], "card_groups": [16]}}, {"model": "dictionary.wordcard", "pk": 60, "fields": {"word": 114, "transcription": "さかな", "translation": 115, "description": "", "example": "", "owner": 2, "is_public": false, "used_by": [], "card_groups": [16]}}, {"model": "dictionary.cardgroup", "pk": 1, "fields": {"name": "Числа", "language": 3, "owner": 2, "is_public": false, "used_by": []}}, {"model": "dictionary.cardgroup", "pk": 2, "fields": {"name": "Еда", "language": 3, "owner": 2, "is_public": false, "used_by": []}}, {"model": "dictionary.cardgroup", "pk": 3, "fields": {"name": "Времена года", "language": 3, "owner": 2, "is_public": false, "used_by": []}}, {"model": "dictionary.cardgroup", "pk": 4, "fields": {"name": "Местоимения", "language": 3, "owner": 2, "is_public": false, "used_by": []}}, {"model": "dictionary.cardgroup", "pk": 5, "fields": {"name": "Вежливость", "language": 3, "owner": 2, "is_public": false, "used_by": []}}, {"model": "dictionary.cardgroup", "pk": 6, "fields": {"name": "День", "language": 3, "owner": 2, "is_public": false, "used_by": []}}, {"model": "dictionary.cardgroup", "pk": 7, "fields": {"name": "Дни недели", "language": 3, "owner": 2, "is_public": false, "used_by": []}}, {"model": "dictionary.cardgroup", "pk": 8, "fields": {"name": "Время", "language": 3, "owner": 2, "is_public": false, "used_by": []}}, {"model": "dictionary.cardgroup", "pk": 9, "fields": {"name": "Технические термины", "language": 1, "owner": 1, "is_public": false, "used_by": []}}, {"model": "dictionary.cardgroup", "pk": 10, "fields": {"name": "Работа", "language": 3, "owner": 2, "is_public": false, "used_by": []}}, {"model": "dictionary.cardgroup", "pk": 11, "fields": {"name": "Страны", "language": 3, "owner": 2, "is_public": false, "used_by": []}}, {"model": "dictionary.cardgroup", "pk": 12, "fields": {"name": "Распорядок дня", "language": 3, "owner": 2, "is_public": false, "used_by": []}}, {"model": "dictionary.cardgroup", "pk": 13, "fields": {"name": "1", "language": 3, "owner": 1, "is_public": false, "used_by": []}}, {"model": "dictionary.cardgroup", "pk": 14, "fields": {"name": "Комната", "language": 3, "owner": 2, "is_public": false, "used_by": []}}, {"model": "dictionary.cardgroup", "pk": 15, "fields": {"name": "Базовые глаголы", "language": 3, "owner": 2, "is_public": false, "used_by": []}}, {"model": "dictionary.cardgroup", "pk": 16, "fields": {"name": "Животные", "language": 3, "owner": 2, "is_public": false, "used_by": []}}, {"model": "dictionary.wordcardprogress", "pk": 1, "fields": {"owner": 2, "card": 2, "score": 1}}, {"model": "dictionary.wordcardprogress", "pk": 2, "fields": {"owner": 2, "card": 22, "score": 1}}, {"model": "dictionary.wordcardprogress", "pk": 3, "fields": {"owner": 2, "card": 20, "score": 1}}, {"model": "dictionary.wordcardprogress", "pk": 4, "fields": {"owner": 2, "card": 8, "score": 1}}, {"model": "dictionary.wordcardprogress", "pk": 5, "fields": {"owner": 2, "card": 25, "score": 2}}, {"model": "dictionary.wordcardprogress", "pk": 6, "fields": {"owner": 2, "card": 11, "score": 1}}, {"model": "dictionary.wordcardprogress", "pk": 7, "fields": {"owner": 2, "card": 14, "score": 1}}, {"model": "dictionary.wordcardprogress", "pk": 8, "fields": {"owner": 2, "card": 1, "score": 1}}, {"model": "dictionary.wordcardprogress", "pk": 9, "fields": {"owner": 2, "card": 17, "score": 1}}, {"model": "userprofile.userprofile", "pk": 1, "fields": {"user": 1, "default_language": 2}}, {"model": "userprofile.userprofile", "pk": 2, "fields": {"user": 2, "default_language": 2}}, {"model": "auth.permission", "pk": 1, "fields": {"name": "Can add log entry", "content_type": 1, "codename": "add_logentry"}}, {"model": "auth.permission", "pk": 2, "fields": {"name": "Can change log entry", "content_type": 1, "codename": "change_logentry"}}, {"model": "auth.permission", "pk": 3, "fields": {"name": "Can delete log entry", "content_type": 1, "codename": "delete_logentry"}}, {"model": "auth.permission", "pk": 4, "fields": {"name": "Can view log entry", "content_type": 1, "codename": "view_logentry"}}, {"model": "auth.permission", "pk": 5, "fields": {"name": "Can add permission", "content_type": 2, "codename": "add_permission"}}, {"model": "auth.permission", "pk": 6, "fields": {"name": "Can change permission", "content_type": 2, "codename": "change_permission"}}, {"model": "auth.permission", "pk": 7, "fields": {"name": "Can delete permission", "content_type": 2, "codename": "delete_permission"}}, {"model": "auth.permission", "pk": 8, "fields": {"name": "Can view permission", "content_type": 2, "codename": "view_permission"}}, {"model": "auth.permission", "pk": 9, "fields": {"name": "Can add group", "content_type": 3, "codename": "add_group"}}, {"model": "auth.permission", "pk": 10, "fields": {"name": "Can change group", "content_type": 3, "codename": "change_group"}}, {"model": "auth.permission", "pk": 11, "fields": {"name": "Can delete group", "content_type": 3, "codename": "delete_group"}}, {"model": "auth.permission", "pk": 12, "fields": {"name": "Can view group", "content_type": 3, "codename": "view_group"}}, {"model": "auth.permission", "pk": 13, "fields": {"name": "Can add user", "content_type": 4, "codename": "add_user"}}, {"model": "auth.permission", "pk": 14, "fields": {"name": "Can change user", "content_type": 4, "codename": "change_user"}}, {"model": "auth.permission", "pk": 15, "fields": {"name": "Can delete user", "content_type": 4, "codename": "delete_user"}}, {"model": "auth.permission", "pk": 16, "fields": {"name": "Can view user", "content_type": 4, "codename": "view_user"}}, {"model": "auth.permission", "pk": 17, "fields": {"name": "Can add content type", "content_type": 5, "codename": "add_contenttype"}}, {"model": "auth.permission", "pk": 18, "fields": {"name": "Can change content type", "content_type": 5, "codename": "change_contenttype"}}, {"model": "auth.permission", "pk": 19, "fields": {"name": "Can delete content type", "content_type": 5, "codename": "delete_contenttype"}}, {"model": "auth.permission", "pk": 20, "fields": {"name": "Can view content type", "content_type": 5, "codename": "view_contenttype"}}, {"model": "auth.permission", "pk": 21, "fields": {"name": "Can add session", "content_type": 6, "codename": "add_session"}}, {"model": "auth.permission", "pk": 22, "fields": {"name": "Can change session", "content_type": 6, "codename": "change_session"}}, {"model": "auth.permission", "pk": 23, "fields": {"name": "Can delete session", "content_type": 6, "codename": "delete_session"}}, {"model": "auth.permission", "pk": 24, "fields": {"name": "Can view session", "content_type": 6, "codename": "view_session"}}, {"model": "auth.permission", "pk": 25, "fields": {"name": "Can add подборка", "content_type": 7, "codename": "add_cardgroup"}}, {"model": "auth.permission", "pk": 26, "fields": {"name": "Can change подборка", "content_type": 7, "codename": "change_cardgroup"}}, {"model": "auth.permission", "pk": 27, "fields": {"name": "Can delete подборка", "content_type": 7, "codename": "delete_cardgroup"}}, {"model": "auth.permission", "pk": 28, "fields": {"name": "Can view подборка", "content_type": 7, "codename": "view_cardgroup"}}, {"model": "auth.permission", "pk": 29, "fields": {"name": "Can add язык", "content_type": 8, "codename": "add_language"}}, {"model": "auth.permission", "pk": 30, "fields": {"name": "Can change язык", "content_type": 8, "codename": "change_language"}}, {"model": "auth.permission", "pk": 31, "fields": {"name": "Can delete язык", "content_type": 8, "codename": "delete_language"}}, {"model": "auth.permission", "pk": 32, "fields": {"name": "Can view язык", "content_type": 8, "codename": "view_language"}}, {"model": "auth.permission", "pk": 33, "fields": {"name": "Can add cлово", "content_type": 9, "codename": "add_word"}}, {"model": "auth.permission", "pk": 34, "fields": {"name": "Can change cлово", "content_type": 9, "codename": "change_word"}}, {"model": "auth.permission", "pk": 35, "fields": {"name": "Can delete cлово", "content_type": 9, "codename": "delete_word"}}, {"model": "auth.permission", "pk": 36, "fields": {"name": "Can view cлово", "content_type": 9, "codename": "view_word"}}, {"model": "auth.permission", "pk": 37, "fields": {"name": "Can add карточка", "content_type": 10, "codename": "add_wordcard"}}, {"model": "auth.permission", "pk": 38, "fields": {"name": "Can change карточка", "content_type": 10, "codename": "change_wordcard"}}, {"model": "auth.permission", "pk": 39, "fields": {"name": "Can delete карточка", "content_type": 10, "codename": "delete_wordcard"}}, {"model": "auth.permission", "pk": 40, "fields": {"name": "Can view карточка", "content_type": 10, "codename": "view_wordcard"}}, {"model": "auth.permission", "pk": 41, "fields": {"name": "Can add Прогресс", "content_type": 11, "codename": "add_wordcardprogress"}}, {"model": "auth.permission", "pk": 42, "fields": {"name": "Can change Прогресс", "content_type": 11, "codename": "change_wordcardprogress"}}, {"model": "auth.permission", "pk": 43, "fields": {"name": "Can delete Прогресс", "content_type": 11, "codename": "delete_wordcardprogress"}}, {"model": "auth.permission", "pk": 44, "fields": {"name": "Can view Прогресс", "content_type": 11, "codename": "view_wordcardprogress"}}, {"model": "auth.permission", "pk": 45, "fields": {"name": "Can add word card training", "content_type": 12, "codename": "add_wordcardtraining"}}, {"model": "auth.permission", "pk": 46, "fields": {"name": "Can change word card training", "content_type": 12, "codename": "change_wordcardtraining"}}, {"model": "auth.permission", "pk": 47, "fields": {"name": "Can delete word card training", "content_type": 12, "codename": "delete_wordcardtraining"}}, {"model": "auth.permission", "pk": 48, "fields": {"name": "Can view word card training", "content_type": 12, "codename": "view_wordcardtraining"}}, {"model": "auth.permission", "pk": 49, "fields": {"name": "Can add Профиль пользователя", "content_type": 13, "codename": "add_userprofile"}}, {"model": "auth.permission", "pk": 50, "fields": {"name": "Can change Профиль пользователя", "content_type": 13, "codename": "change_userprofile"}}, {"model": "auth.permission", "pk": 51, "fields": {"name": "Can delete Профиль пользователя", "content_type": 13, "codename": "delete_userprofile"}}, {"model": "auth.permission", "pk": 52, "fields": {"name": "Can view Профиль пользователя", "content_type": 13, "codename": "view_userprofile"}}, {"model": "auth.permission", "pk": 53, "fields": {"name": "Can add alphabet", "content_type": 14, "codename": "add_alphabet"}}, {"model": "auth.permission", "pk": 54, "fields": {"name": "Can change alphabet", "content_type": 14, "codename": "change_alphabet"}}, {"model": "auth.permission", "pk": 55, "fields": {"name": "Can delete alphabet", "content_type": 14, "codename": "delete_alphabet"}}, {"model": "auth.permission", "pk": 56, "fields": {"name": "Can view alphabet", "content_type": 14, "codename": "view_alphabet"}}, {"model": "auth.permission", "pk": 57, "fields": {"name": "Can add alphabet entry", "content_type": 15, "codename": "add_alphabetentry"}}, {"model": "auth.permission", "pk": 58, "fields": {"name": "Can change alphabet entry", "content_type": 15, "codename": "change_alphabetentry"}}, {"model": "auth.permission", "pk": 59, "fields": {"name": "Can delete alphabet entry", "content_type": 15, "codename": "delete_alphabetentry"}}, {"model": "auth.permission", "pk": 60, "fields": {"name": "Can view alphabet entry", "content_type": 15, "codename": "view_alphabetentry"}}, {"model": "auth.permission", "pk": 61, "fields": {"name": "Can add letter", "content_type": 16, "codename": "add_letter"}}, {"model": "auth.permission", "pk": 62, "fields": {"name": "Can change letter", "content_type": 16, "codename": "change_letter"}}, {"model": "auth.permission", "pk": 63, "fields": {"name": "Can delete letter", "content_type": 16, "codename": "delete_letter"}}, {"model": "auth.permission", "pk": 64, "fields": {"name": "Can view letter", "content_type": 16, "codename": "view_letter"}}, {"model": "auth.permission", "pk": 65, "fields": {"name": "Can add letter group", "content_type": 17, "codename": "add_lettergroup"}}, {"model": "auth.permission", "pk": 66, "fields": {"name": "Can change letter group", "content_type": 17, "codename": "change_lettergroup"}}, {"model": "auth.permission", "pk": 67, "fields": {"name": "Can delete letter group", "content_type": 17, "codename": "delete_lettergroup"}}, {"model": "auth.permission", "pk": 68, "fields": {"name": "Can view letter group", "content_type": 17, "codename": "view_lettergroup"}}, {"model": "auth.user", "pk": 1, "fields": {"password": "pbkdf2_sha256$390000$2eF2i7fqSEzhUtEq2rGLlj$ykrZ/rn/FOZSaXSEWKsrKWd9W395Yd3eol0jjaEdlyc=", "last_login": "2023-05-06T21:38:40.802Z", "is_superuser": true, "username": "aidev", "first_name": "", "last_name": "", "email": "", "is_staff": true, "is_active": true, "date_joined": "2023-04-20T20:48:07.955Z", "groups": [], "user_permissions": []}}, {"model": "auth.user", "pk": 2, "fields": {"password": "pbkdf2_sha256$390000$MDRW64B4LrOnKhXhtYdVWJ$8wPeI1afZrr2GaAATt4jJwbL1JeHAJLMdoFQS8qdWA4=", "last_login": null, "is_superuser": true, "username": "carolus", "first_name": "", "last_name": "", "email": "", "is_staff": true, "is_active": true, "date_joined": "2023-04-20T20:49:05.895Z", "groups": [], "user_permissions": []}}]
